Job Title,Company Name,description,Posted Date,Job Type,Location
Sr. C/C++ Windows Developer,Qcentrio,"Sr. C/C++ Windows Developer Location: Remote role only Duration: 12 Months Project, can be extended Who are we looking for? The required engineer is expected to be comfortable developing C++ Desktop Applications and WinNT Services in Windows 10, being familiar with Windows-related development and debugging tools. In addition, the engineer should be comfortable developing clean object-oriented code in large source code bases Mandatory Skills: C++, Windows, ATL/COM Technical Skills: 6+ ye",Posted 19 hours ago,"Contract, Third Party",Remote
Sr. C/C++ Windows Developer,Srinav Inc.,"Please find the below JD & send suitable profiles. Sr. C/C++ Windows Developer Location: Spring, TX – Remote role only Duration: 12 Months Project, can be extended Who are we looking for? The required engineer is expected to be comfortable developing C++ Desktop Applications and WinNT Services in Windows 10, being familiar with Windows-related development and debugging tools. In addition, the engineer should be comfortable developing clean object-oriented code in large source code bases Mandat",Posted 13 hours ago,"Contract, Third Party","Remote or Spring, TX, USA"
C Programmer,Nous Infosystems,"Strong proficiency in C, with fairly complete knowledge of the language specificationDesign, build, and maintain efficient, reusable, and reliable C codeImplement performance and quality modulesIdentify bottlenecks and bugs, and devise solutions to these problemsHelp maintain code quality, organization, and automatization",Posted 15 days ago,"Contract, Third Party",Remote
Sr. C/C++ Windows Developer,InfiCare Technologies,"Position: Sr. C/C++ Windows Developer Location: Spring, TX Remote role only Duration: 12 Months Project, can be extended Who are we looking for? The required engineer is expected to be comfortable developing C++ Desktop Applications and WinNT Services in Windows 10, being familiar with Windows-related development and debugging tools. In addition, the engineer should be comfortable developing clean object-oriented code in large source code bases Mandatory Skills: C++, Windows, ATL/COM Technical",Posted 19 hours ago,"Third Party, Contract",Remote
Sr. C/C++ Windows Developer,Sapear Inc,"Hi, Urgent Requirement || Sr. C/C++ Windows Developer || Immediate Closure Role: Sr. C/C++ Windows Developer Location: Spring, TX – Remote role only Duration: 12 Months Project, can be extended Who are we looking for? The required engineer is expected to be comfortable developing C++ Desktop Applications and WinNT Services in Windows 10, being familiar with Windows-related development and debugging tools. In addition, the engineer should be comfortable developing clean object-oriented cod",Posted 1 day ago,"Contract, Third Party",Remote
"Senior Software Engineer (C, C++)",Perennial Resources International,"Senior Developer (C, C++) Full Time Location: Columbia, MD or REMOTE Our client is seeking a Senior Software Engineer to join an innovative team of dedicated, diverse professionals. In this role, you will play an integral part of a team developing software used to support rapid response and deployment for RF and SIGINT systems used worldwide. The ideal candidate will design and code major features and work together with other team members to design and deliver multifaceted code. This role includ",Posted 14 days ago,Full-time,Remote
C Programmer Remote,OnwardPath Technology Solutions LLC,"Job Role: C Programmer Location: Remote Duration: 6+ Months Contract Strong proficiency in C, with fairly complete knowledge of the language specificationDesign, build, and maintain efficient, reusable, and reliable C codeImplement performance and quality modulesIdentify bottlenecks and bugs, and devise solutions to these problemsHelp maintain code quality, organization, and automatization Thanks & Regards, Sathish Kapoor V Sr. Technical Recruiter 2701 Larsen Rd, Green Bay, WI 543",Posted 7 days ago,"Contract, Third Party",Remote
"Embedded Developer (C, C++, RDK, Linux)","Pyramid Consulting, Inc.","Immediate need for a talented Embedded Developer (C, C++, RDK, Linux). This is a 12+ Months Contract opportunity with long-term potential and is located in Sunnyvale, CA. Please review the job description below. Job ID: 117494-1 100% REMOTE OPTION IS AVAILABLE FOR THIS POSITION NEED: C Programming + Linux Environments with an Embedded / RDK background. Skills Required: 5-7+ years experience with writing C/Linux. Having Open source dev experience would be excellent.RDK development environments.",Posted 54 days ago,Contract,Remote
Objective C Developer,AgreeYa Solutions,"Title – Objective C Developer Location – 100% Remote Duration – 12+ month Contract Job description: AgreeYa is a global Systems Integrator and seeking a Objective C Developer who have experience with multiple object-oriented technologies such as Object-C, Smalltalk, Delphi, OpenStep, WebObjects, Informatica, Platinum, Nomad, Websphere, and enterprise Java Beans; Objective: Independently gathers and analyzes information for developing and modifying information processing systems in accordanc",Posted 1 day ago,"Contract, Third Party",Remote
Sr. C/C++ Windows Developer,Computer Data Concepts,"Role: Sr. C/C++ Windows Developer Location: Spring, TX – Remote role only Duration: 12 Months Project, can be extended Who are we looking for? The required engineer is expected to be comfortable developing C++ Desktop Applications and WinNT Services in Windows 10, being familiar with Windows-related development and debugging tools. In addition, the engineer should be comfortable developing clean object-oriented code in large source code bases Mandatory Skills: C++, Windows, ATL/COM Technical",Posted 1 day ago,"Contract, Third Party",Remote
Senior Developer C ++,Vaco Technology,"Maintains and utilizes application and programming documents in the development of code. Recommends changes in development, maintenance, and system standards. Creates appropriate deliverables and develops application implementation plans throughout the life cycle in a flexible development environment. Works throughout the software development life cycle and performs in a utility capacity to create, design, code, debug, maintain, test, implement and validate applications with a broad understa",Posted 24 days ago,Contract,Remote
"Mobile/ Android/ IOS Developer with C, C++, Java and Automotive Industry experience","Javen Technologies, Inc","Hi Team! Greetings from Javen Technologies Inc., Our direct client the SiriusXM is looking for Java/C, C++ Developer for long term contract. Please go through the requirement and share your resume to be considered … thank you in advance … Mobile/ IOS/ Android Developer with Java/C, C++ Developer Client: SiriusXM Duration: Long term Contract Location: Farmington Hills, MI/Deerfield Brach, FL/Irving, TX How you’ll make an impact: The successful candidate will apply their experience in Applicati",Posted 5 days ago,"Contract, Third Party",Remote
"Kernel Developer ( Linux Device Driver / C,C++)- REMOTE","IT Associates, Inc.","Kernel Developer (Linux Device Driver / C, C++) 100% REMOTE. NO TRAVEL REQUIREDDirect Hire with Full BenefitsClient is in IL(CST)Work hours CST or EST preferredOur client has created a product which is massively scalable, provision able memory resource just as fast as local memory. It is easy to configure, requires no application code changes, and utilizes cost-effective commodity servers. This product is doing great in the market as a solution for fast memory access. If you are passionate and w",Posted 47 days ago,Full-time,Remote
Sr.Windows /C ++ Developer,Decodetek,"We are looking for Sr.Windows /C ++Developer for one of our Clients. Mandatory Skills: C++, Windows, ATL/COM Technical Skills: 6+ years of experience actively working with the C++ programming language.Familiar with the C++ 14 and 17 specs.Used to the Visual Studio IDE (2019 and 2022).Comfortable contributing to large projects (400k+ lines of code) involving several repositories.4+ years of experience developing Applications (or WinNT Services) for Windows using the Win32 API set.Expertise deve",Posted 1 day ago,"Contract, Third Party",Remote
Embedded Architect/ Sr. Developer (System Architecture/Framework/C/C++/RTOS),"IT Associates, Inc.","Embedded Architect/Developer (Framework/ C,C++/GIT/RTOS) 100% REMOTE. NO TRAVEL REQUIREDDirect Hire with Full BenefitsClient is in IL(CST)Work hours CST or EST preferredOur client has created a product which is massively scalable, provision able memory resource just as fast as local memory. It is easy to configure, requires no application code changes, and utilizes cost-effective commodity servers. This product is doing great in the market as a solution for fast memory access. If you are passion",Posted 47 days ago,Full-time,Remote
Senior Software Engineer C,Zensa,"Looking for Sr. Developer with strong programming experience in C. Job Description: Skills:: C, Linux, multithreading, SQL/Oracle, Bachelors in Science Role & Responsibilities: Design, development, testing, debugging and documentation activities for projects.Work on projects that require configuration and code customization in software products.Expand existing and create software to meet the changing needs of industry.Travel to site during software commissioning phases to ensure that integration",Posted 55 days ago,Contract,Remote
Sr. C/C++ Windows Developer,ApTask,6+ years of experience actively working with the C++ programming language.Familiar with the C++ 14 and 17 specs.Used to the Visual Studio IDE (2019 and 2022).Comfortable contributing in large projects (400k+ lines of code) involving several repositories.4+ years of experience developing Applications (or WinNT Services) for Windows using the Win32 API set.Expertise developing WinNT Services using C++.Expertise developing class libraries and creating shared libraries (DLLs).Comfortable with all th,Posted 20 hours ago,"Contract, Third Party","Remote or Spring, TX, USA"
"Sr. DevOps Engineer: SaaS product zero touch deployments for cloud (Azure) & on-prem (build from scratch CI/CD: Docker, Docker C",KORE1,"THIS ROLE CAN BE DONE REMOTELY FROM THE US BY THOSE AUTHORIZED FOR WORK IN THE US. PST / PST TIME ZONE PREFERRED. FLEXIBILITY TO COORDINATE W/ OTHER TEAM MEMBERS / CLIENTS IN OTHER TIME ZONES NEEDED. KORE1, a nationwide provider of staffing and recruiting solutions, has an immediate opening for a Sr. DevOps Engineer: SaaS product zero touch deployments for cloud (Azure) & on-prem (build from scratch CI/CD: Docker, Docker Compose, AKS / Kubernetes + IAC w/ Terraform, Linux OS); AIOps a + We all",Posted 22 days ago,Full-time,Remote
Senior Developer,"einfochips, Inc.",POSITION SUMMARY • Manage a build infrastructure based on client proprietary build system • Identify and develop python code to support the build system • Define and Implement operations processes to schedule build process • Resolve any defects / issues when running the build system • Work to deploy binary image on the test devices (embedded) • Debug or Test deployments on the test devices and resolve issues Technical Skills required: The Engineer will be responsible for maintaining production-r,Posted 5 days ago,Full-time,Remote
Remote !! Tandem Developer,IT First Source,"Role :- Tandem Developer Duration :- Long term contract Location:- Remote Job Details :- Development exp. on Tandem, C, C++ Hands on Tandem using tools and languages TAL, TACL, Tandem COBOL, Tandem C++, ENSCRIBE, ENFORM, SQL MP/MX, Tandem pathway,Tandem internal messaging system, FUP, BATCHCOM, SQLCI, Host security Module, tokenization, and encryption Good understanding about payment processing industry Development work - 70-80% with L3 Support -20-25%.",Posted 6 days ago,"Contract, Third Party",Remote
Sr. Software Engineer,"Gemological Institute of America, Inc. The Robert Mouawad Campus","The Location: We offer a flexible work-from-home schedule, with a few days in the office per month for local candidates in Secaucus, New Jersey. GIA also offers remote opportunities subject to management approval. Upon management approval, we are offering fully remote work (in the states of AZ, CA, CT, DE, HI, ID, IL, LA, MA, MI, MN, NV, NJ, NY, NC, OH, OR, SC, TN, TX, UT and WA). This role may require several visits quarterly to travel to Secaucus, New Jersey to test the software of instrume",Posted 28 days ago,Full-time,Remote
Integration developer - Remote,HireRising,"JOB TITLE: Integration Developer LOCATION: Remote Role Summary: The Integration Developer will help our client build, enhance, and integrate their internal technologies. The Integration Developer will work closely with our client’s internal team to develop a .Net Core integration solution. Essential Duties and Responsibilities: • Develop new integrations using .Net Core, document the code for future enhancements, and document the support process for integrations • Analyze & translate fun",Posted 13 days ago,Contract,Remote
C++ Engineer-REMOTE,Sensiple Inc.,"Sensiple Inc., service offerings include contingent Staff Augmentation of IT professionals, Permanent Recruiting and Temp-to-Hire. In addition, our industry expertise and knowledge within financial services, Insurance, Telecom, Manufacturing, Technology, Media and Entertainment, Pharmaceutical, Health Care and service industries ensures our services are customized to meet specific needs. For more details please visit our website: ;/a> We have been retained for providing recruiting assistance, fo",Posted 15 days ago,"Contract, Third Party",Remote
Hardware Test Design Engineer,Tessolve,"Looking for experienced engineers in the areas of SW Modeling of Hardware, C++/Assembly Test. The candidate will be responsible for definition, implementation, debug, and maintenance of CPU architecture verification test suites utilizing extensive Assembly and C level code and interfacing into a System Verilog simulation environment. This person must interface with designers and micro-architects for ensuring coverage goals are established and realized. Test design will span multiple levels of sy",Posted 47 days ago,Full-time,Remote
Sr. C++ Developer (back-end),IDC Technologies,"Job: Sr. C++ Developer (back-end) Openings: 5Duration: 18-22 monthsTarget Start Date: JanuaryLocation: REMOTE, EST TIME ZONE Required Tech Skills: 8 years or more of C++ DevelopmentExperience in API integrationsSQL Server and T-SQL experienceExperience developing in Windows environmentExperience in Visual Studio developmentThey use Visual Studio for developmentThis is a Windows environmentDesired Business Knowledge: Mortgage Servicing ( A plus to have)",Posted 11 hours ago,"Contract, Third Party",Remote
Embedded Software Engineer,Fast Tracking Solutions,"A historic, Rochester staple in the aerospace and defense manufacturing industry is looking for an embedded engineer to join their team. This position is ideal for someone looking to be involved with progressive aerospace technologies and products. They've recently informed us of a suite of new projects and advanced products they're developing. Working with real-time embedded software, you'll have the chance to collaborate with experienced engineers to explore tactical radio equipment, satellite",Posted 8 days ago,Full-time,"Remote or Rochester, NY, USA"
Senior Embedded Software Engineer - 100% Remote,Intellisoft Technologies,"Role: Senior Embedded Software Engineer Location: 100% remote Our client is seeking a Senior Software Engineer to be responsible for developing highly reliable multi-threaded code in a constrained embedded environment. The right candidate can architect and implement the proper abstractions and interfaces that are needed to allow code to be highly decoupled and cohesive. The position requires taking personal ownership to design, document, communicate, implement, and test software components withi",Posted 15 hours ago,"Contract, Third Party",Remote
.Net Developer,ApTask,"Title: .Net Developer Location: New York, NY (Remote for Now) Duration: 12+ Months Contract to Hire Direct Client Description: .NET Specifications Primary Skills: C#XML, XSLWCF ServicesWPFSQLCI & CD (Agile, JIRA, GIT) Secondary Skills (Good to have): Office Object Model (VSTO, extensibility addin)SharePoint 2013 Details: In-depth knowledge of .NET, XML, XPATH Expressions & XSLTWell versed with SQL Server 2014, XML based queriesExperience in working on ETL processes/messagingExperience in Bi",Posted 18 days ago,Contract,"Remote or New York, NY, USA"
Embedded C++ Developer,Intellisoft Technologies,"Embedded C++Developers 100% Remote, but must travel to Billerica, MA (2-3 times during the entire 6 month contract). Duration: 6 monthsMust-Haves (Concepts & Tools): 1. 7+ years of Embedded SW Engineering Experience 2. STM 32 or Jetson nano board 3. RTOS 4. C++ 5. Linux This is for the embedded team that is working on Alphabot 2.0 (next generation of their bots). They work on small boards on the bots that are made up of FPGAs, STMs and TCP/IP. The bot release date is slated for next June",Posted 6 days ago,"Contract, Third Party",Remote
IOS Developer,SLiQ Information Technologies,"Coding Common Developer Skills- Competent (7+ years) Java or C# or C++ or Objective-C language programming skills. - Competent with SQL or PL/SQL and relational database concepts. - Experience with source code control systems. - Experience with secure programming techniques is highly desirable - Able to perform code reviews to ensure the code meets the acceptance criteria. Mobile Developer- 7+ years of experience in projects using Java, C++, Objective-C, or Swift - 5+ years design, implementatio",Posted 15 days ago,"Contract, Third Party","Remote or McLean, VA, USA"
.NET DEVELOPER,HonorVet Technologies,"SR. DEVELOPER (.NET/FRONT-END) Summary: Client is seeking a Sr. Developer (.NET/Front-End) for a 100% Remote contracted opportunity with one of our top banking clients! If the below sounds like you, apply today! Requirements: 1. .NETCORE Experience (Blazer) 2. Javascript, HTML5, CSS3 3. SQL Server knowledge 4. .NET/C# 5. Sr. level Front End/UI Developer (5+ years) Responsibilities: Supporting the creation of a new HR Toolkit Application.Data EntryMostly Front End/UI developmentFrequent mentoring",Posted 28 days ago,Full-time,Remote
.NET Engineer,Roc Search,"As a Software Engineer , You will: Build new applications with a consistent framework to insure testability and maintainability. Work collaboratively with developers and product owners to decompose requirements into actionable tasks and insure timely features delivery. Create technical design specifications and work with QA to align understanding of requirements in user stories and to develop system test plans. Design and implement proof of concepts/components when required. What You'll Ne",Posted 4 days ago,Full-time,Remote
Senior Application Developer,Concero Technology Group,"Job Description: The Sr. Application Developer creates and implements application changes and is expected to stay abreast of the available technology regarding application development, information delivery, and relational database technology. PRINCIPAL RESPONSIBILITIES AND DUTIES: Designs, develops, and implements end-to-end integrated systems. Develops and executes test plans to check infrastructure and systems technical performance, reports on findings, and makes recommendations for improvem",Posted 4 days ago,Full-time,Remote
Senior C++ 11 Software Engineer,"Request Technology, LLC","NO SPONSORSHIP Senior C++ 11 Software Engineer Looking for a C++ 11 or newer Senior Software Engineer that has real time or trading industry experience. You will have linux, data structures and algorithms. We design, develop, deploy, and support real-time systems. We care deeply about system reliability, testability, recoverability, fault tolerance, throughput, and latency. We measure times in microseconds and nanoseconds. Our engineers have a strong understanding of computer science fundament",Posted 34 days ago,Full-time,Remote
Full-Stack Development Lead,SQA Group,"**This is a Contract Role SQA Group is a tech and advisory services firm helping companies maximize two business differentiators — quality and data. We help both tech and business leaders see around corners, stand-up new capabilities, and elevate software quality and data as competitive advantages that help drive towards next. SQA Group is partnering with a leading commercial insurer in Providence, RI, to help support their development of technology solutions. We are looking for a Full-Stack D",Posted 7 days ago,Contract,Remote
Lead C++ Fullstack Developer,Venusgeo,"Job Description More than 10 years of experience in software or product development and maintenance of Winforms applications Experience in C++ with exposure to C# Be the front end POC for the client team and take hands on training on tasks to be handed over to the offshore team Co-ordinate with offshore team and technically help/groom the team Excellent coordination and communication skills Identify project level risks early in the life cycle, raise issues proactively & provide accurate technica",Posted 7 days ago,Contract,Remote
REMOTE Curam Developer,Infostride,We have an immediate opening for role Curam Developer. Remote Essential Job Functions: Job Title: Curam Developer Duration: 7+ Months Location: Durham We are looking for V6/V7 certified curam developer. Required/Desired Skills: Skill Required /Desired Amount of Experience C ram V6 Certified Developer Required 0 Social enterprise management experience. Required 3 Years Experience as a C ram Developer with experience in the full life cycle of requirements through functional design and te,Posted 21 days ago,"Third Party, Contract","Remote or Durham, NC, USA"
Verification Engineer,Aeternus Solutions Inc,"JD: Responsibilities Develop functional tests based on verification test plan Debug, root-cause and resolve functional failures in the design, partnering with the Design team Collaborate with cross-functional teams like Design, Model, Emulation and Silicon validation teams towards ensuring the highest design quality Identify and write all types of coverage measures for stimulus and corner-cases. Close coverage measures to identify verification holes. Minimum Qualifications B.S or M.S degree in",Posted 7 days ago,"Contract, Third Party",Remote
Software Engineer,Bay Area Techworkers,"Position: C/C++ Engineer Type: Contract; conversion possible Location: Remote This position is primarily a software engineering role focused on both design and implementation, but also part of a small team to specify and build custom hardware. The initial product is a networked cluster of embedded systems providing compute resources, wireless communication, video capture, and wired networking implemented on a custom hardware platform. An ideal candidate will have previous experience or an acad",Posted 1 day ago,Contract,Remote
ZKP Cryptography Engineer,The Agency Worx,"TITLE: ZKP Cryptography Engineer LOCATION: Remote REPORTS TO: Software Development & Engineering Manager SALARY: $200k-230k START DATE: ASAP Summary: Our client is an innovative chip design company whose technology is centered around Fully Homomorphic Encryption (FHE), and they are looking for a Zero Knowledge Proof Cryptography Engineer. In this role you'll be breaking down standard ZKP algorithms and analyzing them looking for ways to improve the performance and implementing code libraries i",Posted 21 days ago,Full-time,"Remote or San Francisco, CA, USA"
Sr. Software Engineer,Microtek Staffing Services,"Job Title : Sr. Software Engineer Job Location : Hybrid (Remote and Chicago, IL) Job Duration : 12 months Job Description : Full stack developer C#/ .NET REACT Messaging Experience: Kafka nice to have Experience in developing trading systems and using FIX protocol. - This means experience developing API’s for trading systems (ie CME – Chicago Mercantile Exchange, ICE – Intercontinental Exchange, etc…)As our Software Engineer you will: Write high-quality, secure, efficient, scalable, and reusable",Posted 36 days ago,"Contract, Third Party","Remote or Chicago, IL, USA"
"Identity and Access Management (IAM) System Developer || Denver, CO || Remote","Vector Consulting, Inc","Our government client is looking for experienced Identity and Access Management (IAM) System Developer on a remote 9+ months renewable opportunity in Denver, CO. # of Positions : 2 Position: Identity and Access Management (IAM) System Developer The Identity & Access Management team is responsible for how users within an organization are given an identity, and how it is protected, which includes securing critical applications, data, and systems from unauthorized access while managing the identi",Posted 7 days ago,"Contract, Third Party",Remote
Embedded Software Developer,Mice Groups,"Direct client requirement Embedded Software Developer Location: San Jose, CA, OR remote. Job Responsibilities -Design, implement and debug low-level software platforms, supporting a wide variation of requirements with high efficiency & scalability. -Implement robust, testable, abstract & modular software components. -Write unit tests to protect and validate implemented functionality fully. -Perform dynamic and static tests. -Follow best software practices from functional safety & team guideli",Posted 26 days ago,Contract,Remote
L&I IT Full Stack Application Development - Journey,Dept. of Labor and Industries,"Our Mission: Keep Washington Safe and Working! Our Values: Customer Focus, One L&I, Respect, Diversity, Equity and Inclusion, Learning and Growth, Reliability. Do you want to be part of a digital transformation? Within L&I, our Information Technology Division is responsible for providing quality products, services, and solutions in support of our agency's business priorities. We are in need of a Full Stack Application Developer (IT Application Developer, Journey) to develop, maintain, enhance",Posted 57 days ago,Full-time,Remote
Senior Software Gameplay Developer,U.S. Tech Solutions Inc.,"US Tech Solutions is seeking Senior Software Gameplay Developer for 12+ months’ contract position with a client Job Poster: Praveen Kumar Location: Remote (Indianapolis, IN 46219) Required Skills: Minimum of 5 years related experience in Software Development or other related engineering experience. Ability to research, analyze and optimize code to meet performance requirements Experience with Unreal Engine 4, Visual Studio, C and C++ programming languages Experience with Blueprint scri",Posted 25 days ago,Contract,Remote
Senior Enterprise Architect - Data,"Computer Doc Associates, Inc","CDA Technologies is an IT Service/Solutions/Staffing provider, offering a full range of IT Services and Placement of well skilled candidates to meet the evolving needs of our clients. Currently, we are looking for Senior Enterprise Architect – Data. This role is Remote, Candidate MUST support EST hours Job Summary: The Enterprise Architect is responsible for the creation, maintenance and management of IT architecture models and their lower level components. They are also required to interpret",Posted 7 days ago,Contract,Remote
C++ Engineer,Intelliswift Software Inc,Required skills C++ programming Algorithms Good to have a background in the following skills Hardware Semiconductor ASIC SoC Design Verification Work hours preferred – Pacific time,Posted 22 days ago,"Contract, Third Party",Remote
Senior Site Reliability Engineer / Architect,Mumba Technologies,"Role: Senior Site Reliability Engineer / Architect Location: Remote / WFH 100% Job Type: Direct Hire / Perm Client is looking for a Senior Principal/Architect Site Reliability Engineer to help us build a brand new SRE team from the ground up. Collaboratively build a roadmap for a newly configured SRE team within clientEnsure focus on systems uptime and security with swift incident response for availability issues or potential breachesLead the design, specificati",Posted 20 days ago,Full-time,Remote
Senior Software Engineer - Rust - Intelligence Augmentation startup,Skyrocket Ventures,"Skyrocket Ventures is a recruiting firm for hundreds of high growth technology companies that range from industry leaders to top-tier startups. This opportunity is with one of our client companies for a full-time permanent hire. Please only apply if you are authorized to work in the U.S. Please note that even if this job is not a perfect match, we encourage you to apply as long as it is in the ballpark. Companies are often flexible in hiring candidates who do not perfectly fit their written j",Posted 22 days ago,Full-time,Remote
C#/.Net Engineer,Xoriant Corporation,"Backend: expertise in application development on Windows using C#/.Net and C++Experience in working on Microsoft SQL Server, Microsoft Office 365, and other SaaS applications like Salesforce, G-suite, etc.Experience working with Cloud platforms such as AWS/Azure/Google Cloud is a plusExperience in Unit Test, Dev Test, and Automated functional / non-functional test for SaaS Application on Azure/AWS Thanks & Regards; Narendra Kunware D :lt;/p>",Posted 22 days ago,"Contract, Third Party",Remote
Dynamics developer (Integration),"Softpath System, LLC.","Position: Dynamics developer (Integration) Location: Remote/Baton Rouge,LA Type: Contract Job Description:- – (3 – 4 years experience is fine) Required Skills Hands-on experience architecting, developing, and supporting RDBMS, using Microsoft SQL and Azure technologies.Deep technical experience integrating solutions with Dynamics 365/Power Platform.Deep technical experience working with C#, Dataverse API, REST/OData/SOAP endpoints; software development experience leveraging DevOps strategies f",Posted 6 days ago,"Contract, Third Party","Remote or Baton Rouge, LA, USA"
Software Engineer IV,Yash Solutions LLC,"Candidates legally authorized to live and work in US only apply. Job Title: Software Engineer IV Location: Remote Duration: 1 year Requirements: Bachelor's degree with 7+ years of software development experience. Candidates must have C#, .NET work experience. ARGO Bank software experience is most essential. Experience with SQL, SSIS is required. Should have worked on frontend and backend projects. Nice to have Power BI experience. Development of web-based apps experience.",Posted 6 days ago,"Contract, Third Party",Remote
Senior .Net Software Engineer,Invenio Search Group,"For close to 30 years, our client has remained a strategic partner in the learning space, widely recognized as a pioneer of EdTech software and a leading provider of IT professional services. More importantly, they are regarded as a successful collaborator with the ability to provide expert guidance and problem-solving as the world of learning evolves. They are seeking a Senior .Net Software Engineer and here are the details. .NET Senior Software Developer WHAT SETS OUR CLIENT APART? You will w",Posted 8 days ago,Full-time,Remote
Embedded Electrical Engineer,"BDM, Saibber LLC","Job Description: Job Title:Embedded Electrical Engineer Duration:Fulltime/Contract Location: Anywhere from Canada Mandatory Skills: Simcs, DML Language, Pre-Silicon Environment, System Modelling, Modern C++ Required Skills & Experience: Must have a degree in Computer Science, Computer Engineering, Electrical Engineering or related field5+ years of proficiency in advanced C++ and object-oriented design methodologies5+ years experience in embedded software developmentNice To Have Profici",Posted 35 days ago,Contract,Remote
Principal FPGA Engineer,Vertex Solutions Inc.,"Our direct client, a science & tech firm, seeks a Sr. level FPGA Engineer for a direct hire position. This role can be fully remote (from EST or CST) or work from the client site in Columbus, OH. Must have expertise in Radio Frequency Development along with Management experience. There will be the potential of light client travel. MUST be willing to obtain Secret to Top Secret level security clearance Offering salary plus benefits Job Summary The Principal/Senior FPGA Engineer will be responsib",Posted 28 days ago,Full-time,"Remote or Columbus, OH, USA"
.Net Developer with InRiver and Azure EXP,"Cybertec, Inc.",Role: .Net Developer with InRiver and Azure EXP Location : Remote Duration: 1+ Year Interview mode: Phone/Skype Visa: No H1B/CPT/OPT We need a senior .Net Developer with experience working with the Inriver data tool as well as Azure/Azure DevOps. This is a multi-year project and candidates can work remote 100% but THEY HAVE TO HAVE EXPERIENCE WITH INRIVER DATA TOOL. Please do not send me .Net candidates with No inriver experience. The client wants 10+ years of experience. No OPT/H1b. Candidate,Posted 4 days ago,"Contract, Third Party",Remote
Application Developer,Hectadata LLC,"Job Description:The Front Office Senior Software Developer will work on the in-house Equity Swaps & Derivatives Trading System. Candidate will possess technical expertise to build, enhance and support existing and new front office trading applications. He/She must be a self-starter who is willing to work independently in a demanding trading environment. This person should be rigorous, results driven and should be able to work with minimal supervision with exemplary follow through. Previous exper",Posted 13 days ago,Full-time,Remote
Tandem Professional - Remote,"Synchrony Systems, Inc.","Dear Candidate, If below position Tandem Developer suits you and your profile then kindly share your updated resume with expected hourly rate or either perm salary. Role – Tandem Developer Location – Remote Type : FTE / FTC(Contract) Position ID : 310348 Rate: $50/hr on W2 and $60/hr on C2C all inclusive Salary: $100K to $125K/Annum + Benefits Number of Positions : 2 Points to be noted for this demand: Only 8-15 Years Experience candidates are required.Please submit profiles with LinkedIn ID",Posted 25 days ago,Full-time,Remote
"Software Engineer - Development, Build & Release",Connexion Systems & Engineering,"Software Engineer – Development, Build & Release Duration: 6+ months Max Pay Rate: $70.00-86.00/hr. W2 Sunnyvale, CA 94089 (can be 100% remote support) Duties: Build tools and systems to optimize highly parallelized distributed build system.Improve efficiency and scalability of build, packaging systems and development environment.Develop tools to ensure integrity of the build system.Work on improving the efficiency and speed of the builds.Improve the efficiency and speed of packaging jobs.Ex",Posted 57 days ago,Contract,Remote
Embedded Software Engineer,Datamtx LLC,Position: Embedded Software Engineer Location: Remote work ( direct full-time role with the client) Duration: Full Time We are mostly seeking Embedded C software engineers (C++ is a plus but not mandatory)Prior experience programming microcontrollers is importantPriority is currently being given for candidates with either:Wired (Ethernet) orWireless communication (Wifi/BLE/Zigbee/Thread) We have 2 positions to fill. Qualifications WHAT YOU NEED: An innovative solution-first spirit a,Posted 36 days ago,Full-time,Remote
Embedded Software Engineer,Datamtx LLC,Position: Embedded Software Engineer Location: Remote work ( direct full-time role with the client) Duration: Full Time We are mostly seeking Embedded C software engineers (C++ is a plus but not mandatory)Prior experience programming microcontrollers is importantPriority is currently being given for candidates with either:Wired (Ethernet) orWireless communication (Wifi/BLE/Zigbee/Thread) We have 2 positions to fill. Qualifications WHAT YOU NEED: An innovative solution-first spirit a,Posted 36 days ago,Full-time,Remote
Embedded Engineer (STRICTLY OUR W2!!!),"Infoweb Systems, Inc.","InfoWeb Systems, Inc. has the following requirement for our direct client, John Deere. If you feel you are a fit and are interested in applying for this opportunity please respond with your Word formatted resume. To be considered you must RESIDE, be currently eligible to work in the US and willing to become a InfoWeb W2 employee. Absolutely NO Corp to Corp! Absolutely NO Corp to Corp! Absolutely NO Corp to Corp! Location:REMOTE or Ankeny, IA Duration:1+ year to LONG term Rate:",Posted 1 day ago,Contract,"Remote or Ankeny, IA, USA"
Software Developer (MacOS),Covenant Eyes,"OverviewWorking at Covenant Eyes is about something bigger than creating and selling software; it’s about creating a movement and changing culture. At the end of the day, you are contributing to saving a marriage, protecting a child’s innocence, strengthening a commitment to purity, and working to end sexual exploitation. Covenant Eyes is a 100% Employee Owned company and constantly growing. We've made Inc.com's Fortune 5000 Fastest Growing Companies for 10 years running & 11 out of the last 1",Posted 40 days ago,Full-time,Remote
Firmware Engineer - EV Charging,Rocket,"Design, build, and test firmware for a novel, high-power (up to multi-MW), high-voltage (up to 1500VDC) electrical system that enables breakthrough EV charging performance. Design system firmware to interface with a variety of OEM on-board diagnostics and on-board vehicle active safety codes, and to enable charger management analytics. Test your code on hardware and create enhanced processes for testing.Influence architecture and system design from a software perspective.Contribute to and execut",Posted 33 days ago,Contract,Remote
Power BI Analyst,Take2 Consulting,"We are looking for an experienced Application / System analyst who will use their passion to collaborate with a team to identify and implement analytic reports, and dashboards and mentor teammates. This is an opportunity to solve problems at the Department of Veterans Affairs by building PowerBI reports/dashboards with a user-centric design. You'll coordinate with other System Admins and Change/Configuration management staff to create a seamless user experience using PowerBI. You will ensure acc",Posted 6 days ago,Full-time,Remote
ORMB (Oracle Revenue Mgt and Billing) Developer,Consulting Solutions LLC,"PROJECT SCOPE: Building integrations for current FB system with new ORMB platform SUMMARY: IT Developers are responsible for the development, programming, and coding of Information Technology solutions. They will engage in all phases of the software development lifecycle which includes: gathering and analyzing user/business system requirements, responding to outages and creating application system models. IT Developers are responsible for documenting detailed system specifications and will",Posted 6 days ago,Contract,Remote
C# developer with MVC experience,MSITEK LLC,"Duration: Long term Location: Remote, the client is in CA At least 7 years’ experience as a Software Developer in an enterprise environment required Strong C# on complex client server applications required Strong SQL skills, experience with complex databases required Strong experience with Single Page App frameworks REACT and Angular required Strong GIT version control system experience required Comfortable with latest version of Visual Studio / Visual Studio Code as primary IDE Experience with",Posted 7 days ago,Full-time,Remote
Software developer,Lenora Systems,"Quadrant Resource has been a strategic partner for many startups, medium-sized, and large enterprises for over a decade providing IT consulting, development, quality assurance, implementation, technical support and staffing services on a global delivery platform to customers across the world with a large network of innovation & delivery centers. Looking for software developer for our direct Client in Redmond, WA.5+ years of industry experience operating / engineering ServicesStrong knowledge of",Posted 25 days ago,Full-time,Remote
Graphics Engineer - using Rust - Intelligence Augmentation startup,Skyrocket Ventures,"Skyrocket Ventures is a recruiting firm for hundreds of high growth technology companies that range from industry leaders to top-tier startups. This opportunity is with one of our client companies for a full-time permanent hire. Please only apply if you are authorized to work in the U.S. Please note that even if this job is not a perfect match, we encourage you to apply as long as it is in the ballpark. Companies are often flexible in hiring candidates who do not perfectly fit their written",Posted 21 days ago,Full-time,Remote
Sr. .NET Developer,FoxPro Technologies Inc,Sr. .NET Developer -Client Location - 100% remote - CST hours -Duration - 12 months -Interview Process - one and done Must Have - Sr. Developer Participating in the development of an e-commerce platform middleware built on a .NET Core stack5+ years exp building backend APISolid C# Experience supporting an e-commerce website. Domain - eCommerce,Posted 17 hours ago,Contract,Remote
Unity Developer,FoxPro Technologies Inc,"Role: Unity UI Game Developer Location: 100% remote Duration: 6+ Months The coding Test will be in C# Qualifications: B.S. in Computer Science, or similar experience. 3+ years of professional experience with Unity game development. 1+ years in mobile game development. Expertise with Unity systems and pipelines with a focus on UI. Experience in implementing game UIs. Knowledge of GUI system for Unity. Experience in coding in C#. Deep understanding of computer science fundamentals and des",Posted 1 day ago,Contract,Remote
REMOTE Quality Engineer I,Nu Skin Enterprises,"We have remote work options in the following states: Arkansas, Arizona, Colorado, Florida, Georgia, Idaho, Illinois, South Dakota, Texas, or Utah. About Us:Nu Skin Enterprises, Inc. (NYSE: NUS) is a global beauty and wellness company, powered by a dynamic affiliate opportunity platform. We help people look, feel and live their best with products that combine the best of science, technology and nature. Backed by more than 35 years of scientific research, Nu Skin develops innovative products inclu",Posted 26 days ago,Full-time,Remote
C++ Lead Developer,PriServe HCM LLC,"C++ Lead Developer Location – Irving, TX or Tampa, FL (Initially remote) Duration – 12+ Months Responsibilities: Reading existing source code in C/C plus plus to determine current programming logic.Documenting functionality, processes, requests, responses and maintaining software development records.Resolve build issues during OS version and other software upgrades.Resolving deployment and runtime issues in new environments.Performing diagnostic tests and debugging procedures.Support the tes",Posted 35 days ago,"Contract, Third Party",Remote
SQL Developer,"VST Consulting, Inc","Job Title: SQL DEVELOPER. Experience: 10+ Years DutiesGather requirements from users and convert them to technical specifications.Develop, test, and deploy solutions to the end-user following internal standards and practicesDevelopment responsibilities include database design, building tables, views, stored procedures, tabular functions, and other advanced SQL functions on SQL 2016.Design prototypes, perform unit and integration testing, write DB scripts, and provide it to the operations team",Posted 5 days ago,Full-time,"Remote or New York, NY, USA"
Application Developer / Fully Remote,Meduit,"Meduit is one of the nation’s leading revenue cycle management solutions companies with decades of experience in healthcare revenue cycle management, serving more than 500 hospital and physician practices in 46 states. Meduit combines a state-of-the-art accounts receivable management model with advanced technologies and an experienced people-focused team that takes a compassionate and supportive approach to patient engagement. We can significantly improve financial, operational and clinical perf",Posted 14 days ago,Full-time,Remote
Java Architect,mLogica,Job Title: Java Architect Type: Fulltime Remote Job Description: Computer Science degree10+ years J2EE programming expertiseJBOSS Application Server application deploymentLinux bash shell and Perl programmingLinux C and windows C expertisePostgres / Oracle DB knowledgeOracle Tuxedo knowledge/ experience preferred.,Posted 54 days ago,Full-time,Remote
MS Azure AD B2C Developer,"Sapience, Inc","Location: Remote (EST) Duration: 6 Months+ 8+ years of Design/Development/Testing experience using large/complex applications using various Microsoft technologies (C#, NET).Hands-on experience with the Microsoft Azure platform and services like Azure function Apps, Azure AD B2C, Cosmosdb, and App insights.Good experience in deploying applications on AzureExperience in creating RestAPI / back-end code in C#.Designing/Developing custom policies on Azure AD B2C is a plus.",Posted 8 days ago,"Contract, Third Party",Remote
.Net Developer,Vertogic,"I am currently looking for .NET Developer with one of our direct client. Please see the job details below and let me know if you would be interested in this role. If interested, please send me a copy of your resume, your contact details, your availability and a good time to connect with you. Location- Remote Job Title- .NET Developer Responsibilities include: -. Performing advanced-level application analysis, design, development, unit testing and implementation activities for system crit",Posted 25 days ago,"Contract, Third Party",Remote
Surety Business Analyst,"NTT DATA, Inc.","NTT DATA Services strives to hire exceptional, innovative, and passionate individuals who want to grow with us. If you want to be part of an inclusive, adaptable, and forward-thinking organization, apply now.We are currently seeking a 100% Remote Surety Business Analyst to join our team!Position Overview: The Surety Business Analyst role is to plan and elicit requirements from business stakeholders, ensure stakeholders understand business value and required outcomes, and to ensure requirements a",Posted 4 days ago,Contract,Remote
Site Reliability Engineer,Mumba Technologies,"SENIOR PRINCIPAL SITE RELIABILITY ENGINEER Remote Fulltime Client is looking for a Senior Principal/Architect Site Reliability Engineer to help us build a brand new SRE team from the ground up. Collaboratively build a roadmap for a newly configured SRE team within clientEnsure focus on systems uptime and security with swift incident response for availability issues or potential breachesLead the design, specifications and estimating of SRE projects in support of company initiatives with feedba",Posted 15 days ago,Full-time,Remote
Senior Azure Engineer / Lead,Aurum Data Solutions,"Title : Senior Azure Engineer / Lead Location : Portland, OR ( Remote) Duration : 12 + Months contract HOW YOU’LL MAKE A DIFFERENCE : Analyze, design, build and implement service-based solutions using Microsoft Azure, .NET, SQL, Python etc.Utilize test driven development practices.Execute against a backlog of User Stories and tasks on JIRA or ADO.Build and deliver product-ready services.Actively participate in daily standup, team meetings, and demos in an Agile ModelPartner with teams across",Posted 5 days ago,"Contract, Third Party",Remote
Visual Tools Development Engineer,Moorecroft Systems Inc.,Visual Tools Development Engineer We are looking for a Visual Tools Development Engineer that has experience launching software applications and worked in innovation teams that turn early-stage technology into operational product. This is a 100% remote consulting opportunity. This person will focus on taking code that ranges from prototype to mature and integrate it into software pipelines supported by their Technology team. Required Skills: · Strong C++ skills · Comfortable with Python · Th,Posted 40 days ago,Contract,Remote
Senior Programmer Analyst,"Business Software, Inc.","The Senior Programmer Analyst will gain an understanding of user specification and requirements then provide full life cycle software creation for commercial business applications.. Qualifications: BS in computer science, preferredThis position is subject to a background check7+ years of C/C++ 5+ years of UNIX3+ years SQLScripting experienceDatabase experience (Oracle, Informix, DB2 or Sybase)XML skills a plusAS400 skills a plusMultiplatform development on Windows, Solaris, Linux, AIX and OSF1",Posted 41 days ago,Full-time,Remote
Application Developer,Creative Financial Staffing,"Application Developer II Fully remote for local talent! | Role open due to growth | Great benefits and competitive pay No Sponsorship Offered About the Organization: Our client is a contracting company that people love to work for because they take care of their employees, and they are looking to add a Application Developer to the Business Systems Team.The Application Developer will help to test, identify and fix bugs, add new features, review code and update code for best practices / speed, and",Posted 14 days ago,Full-time,Remote
Software Support Analyst,TYLER TECHNOLOGIES INC,"Responsibilities: Provides high level diagnosis to staff , and takes over open issues as needed. Provides inbound phone, web or email software support to r esolve complex client inquiries and problems effectively and efficiently . Analyzes data reports, forms, and web technologies. Responsibly communicates to all parties involved in issue resolution to meet and manage client expectations. Uses Tyler's client management system to create, track, and/or update details on the specifics o",Posted 1 day ago,Full-time,Remote
Firmware Engineer,goTenna,Job Description: Firmware Engineer About goTenna: goTenna is building the world’s most intelligent and scalable mobile mesh networks. Our protocols and devices are designed to enable off-grid connectivity and augment traditional communications networks. goTenna mesh networking turns everything in the world around us into programmable mobile infrastructure to decentralize connectivity and unlock society’s last-mile. About the Role: goTenna is looking to hire a firmware engineer to develop softwar,Posted 14 days ago,Full-time,Remote
Remote Full-Stack Software Engineer,"Zachary Piper Solutions, LLC",Piper Companies is seeking a Remote Full Stack Software Engineer to join a technology company focused on internet-related security and connectivity. The Full-Stack Software Engineer will be responsible for building products that secure large organizational internet traffic. Responsibilities of Full Stack Software Engineer include: Meet with the software development team to define the scope and scale of software projects.Design software system architecture.Complete data structures and design pat,Posted 4 days ago,Full-time,Remote
Senior Software Developer - Remote in CNY area only,CPS Recruitment,"We have an excellent opportunity available for a Senior Software Developer in the Syracuse, NY area. This role can be worked remotely as long as you live within an hour of Syracuse and are available for periodic meetings in the office. This is a great opportunity to join a growing organization with an international presence that offers an outstanding salary and benefits package including bonus potential! In this role you will be part of a creative and brilliant team and be offered outstanding g",Posted 60+ days ago,Full-time,Remote
Senior Software Engineer - Digital Signal Processing,Perennial Resources International,"Senior Software Engineer - DSP Full time Location: Columbia, MD or REMOTE Our client is currently seeking a Senior Software Developer to join an innovative team of dedicated, diverse professionals. In this role, you will play an integral part of a team developing software used to support rapid response and deployment for RF and SIGINT systems used worldwide. The ideal candidate will design and code major features and work together with other team members to deliver multifaceted code modification",Posted 14 days ago,Full-time,Remote
Business Systems Analyst,"DatamanUSA, LLC","DatamanUSA has an exciting opportunity for a talented Business Systems Analyst to work with one of our direct clients in Denver, CO. We love referrals! Please refer us to your friends, family and colleagues for this opportunity. DatamanUSA gives referral bonuses (up to $500) if they get selected and perform well for our clients. Job Details: Position: Business Systems Analyst Duration: 6 months Location: Denver, CO Required/desired skills: *) Full-time professional Information Technology P",Posted 6 days ago,"Full-time, Part-time, Contract, Third Party","Remote or Denver, CO, USA"
.Net Developer with Angular 10,RIIM,"Title : .Net Developer with Angular 10 Location: Remote/USA Duration : 12+ Months Work in a development team to develop integrated Angular 10 applications using JavaScript and other web technologiesPerform design and development of web-based services and applications using C#/.NET and PythonDevelop databases including queries, triggers and stored procedures on SQL databasesKnack for writing clean, readable, and easily maintainable codeUnderstanding of fundamental design principles for building",Posted 4 days ago,"Contract, Third Party",Remote
Digital Design Engineer - RTL,SGS Consulting,"Job Description: Analyze microarchitecture and architecture specifications to determine, recommend, and plan RTL work Execution of RTL based on the proposed microarchitecture Work with the verification team to test and debug the written RTL Integrate the various hand-written and HLS-generated RTL blocks to construct a graphics pipeline Run synthesis and power flows to help gather PPA data points to inform architectural decision making Confer with engineering staff and consult specifications to e",Posted 48 days ago,Contract,Remote
DSP Engineer,Themesoft Inc,"Essential Responsibilities: The person in position will be responsible for developing, porting and optimization of audio algorithms on multiple hardware platforms and operating systems. Development of Audio technologies in C/C++ Porting and Optimization of audio technologies on different DSP processor architectures Discuss and debate different solutions for the problem with the team Create system design, entity diagrams and models to communicate solutions Fully develop Digital Signal Processi",Posted 27 days ago,"Full-time, Part-time, Contract, Third Party","Remote or Houston, MS, USA"
Java Developers with AWS,HL Solutions LLC,"Job Description: 1) Proficiency with Software Development Lifecycle (SDLC) 2) Solid knowledge of the programming language(s), application server, database server and/or architecture of the system being developed 3) Solid understanding of current programming languages and employs any/all of these languages to solve the business needs of FNM's internal customers 4) Knowledge of one or more of the following: J2EE, Java, EJB, ASP, PowerBuilder, C, C++, SQL, CGI, Windows, NT, Visual Basic, Oracle,",Posted 15 days ago,Full-time,"Remote or Atlanta, GA, USA"
Performance Engineer : 100% remote,Everest Consulting,"looking for a Performance test with 10 plus years of C# engineering background in testing software implementation for our clients. As a Performance Test Engineer, you will be responsible for performance testing for assigned products and their associated releases; includes creating new performance workflows, creating, and maintaining JMeter scripts and providing detailed reports that can easily highlight degradation in the application. This individual will be supporting the performance eff",Posted 15 days ago,"Contract, Third Party",Remote
Blue Prism Technology - Lead,Info Origin Inc.,"Roles and Responsibilities: Taking business requirements, current and future state process designs and translating them into process flows and Visual Business Objects within the Blue Prism object studio, Blue Prism process studioCreation of access control interfaces via the Application Modeler, within Object Studio.Development of business logic within code-stages in languages within the .NET family (C#/J#/VB)Input into solution integration design using Web Services / RESTFUL API accessConducting",Posted 15 days ago,Full-time,Remote
Embedded Software Engineer,American Technology Consulting LLC,"Title: Embedded Software Engineer Location: Urbandale, IA (Remote) Interview: iLinc WebCam Description: Major Purpose: Works on a product team and supports product design by planning its work, coordinating with others, and writing and testing code to deliver moderately complex functionality on a complete product or significant portion of a product it supports. This level develops simple designs to solve well-defined problems with guidance from more senior team members. May assign, coordinate",Posted 1 day ago,Contract,Remote
C# Application Developer,SpringbokIT,"1. Basic knowledge of programming languages, including C#, T-SQL and MVC. MINIMUM LEVEL OF PREPARATION AND TRAINING NORMALLY REQUIRED: - 3-5 years of experience working as a developer. - 3-5 years of hands-on experience with application development tools, including Visual Studio .NET, MVC, HTML5. - 3-5 years of hands-on experience with relational database technology, preferably Microsoft SQL Server.",Posted 1 day ago,Full-time,Remote
Software Engineer,Turing IT Labs,"Job Title: Software Engineer Location: Remote Duration: 6-12 Months Key points: Need minimum 8 plus years of Development Experience with Strong JavaScript framework C## experience such as Angular or React. Responsibilities: Translate requirements and user stories into functional applicationsDesign, build and maintain efficient, reusable and reliable applications using the technology experience required below.Design and Code UI/UX with Javascript Based Front-End Frameworks, WinForms and/or We",Posted 18 days ago,"Contract, Third Party",Remote
.Net Engineer,Turn2Partners,"This position is to join the Product Development team, which focuses on delivering high-quality products to our customer base using a fast-paced Agile development model. The Sr .NET Software Engineer will participate in the design, implementation, and testing of multiple SaaS products geared toward the higher education market. Location: East Coast Must haves: BS in Computer Science/Engineering or relevant work experienceExperience developing enterprise applications using the .NET Framework, C#,",Posted 21 days ago,Full-time,Remote
