Designation,Company Name,Salary,Experience,Location,Role,Skills,Qualification,Industry Type,Functional Area,Employment Type,Role Category,Address,Post By,Post Date,Website,Url,Job Description,About Company
Go Lang Developers,MSys Technologies4.1(58 Reviews),Not Disclosed,2 - 5 years,"Pune,Chennai,Bangalore/Bengaluru","Back End Developer,","Cloud Microservices,Go Lang",['UG :Any Graduate'],"IT Services & Consulting,","Engineering - Software & QA,","Full Time, Permanent",Software Development,Websitewww.msys-tech.com,Dharshini JeyarajCompany Recruiter at MSys Tech India Pvt. Ltd., 14 days ago,https://www.naukri.com/msys-technologies-jobs-careers-620175?src=jddesktop,https://www.naukri.com/msys-technologies-jobs-careers-620175?src=jddesktop,"Job descriptionMandatory Skills:GoLang with Cloud MicroservicesBack End Development Experience of 2+ yearsRoleBack End Developer,Industry TypeIT Services & Consulting,Functional AreaEngineering - Software & QA,Employment TypeFull Time, PermanentRole CategorySoftware DevelopmentEducationUG :Any GraduateKey SkillsCloud MicroservicesGo Lang"," About MSys :We have a unique way of doing things - the MSys Way. Its how we innovate, collaborate, operate and deliver value for our clients. MSys is an innovator in offering IT services and domain specific automation software. MSys together with its unparalleled focus and in-depth technical expertise delivers unprecedented value at an affordable cost in the areas of storage, servers, DR/BC, and virtualization. Apart from services, MSys also offers enabler products including evolutionary end-to-end domain specific software solutions for test automation to its customers. Driven by the vision to be at the core of the evolution in the industry, MSys strives to become a transformational agent. The transformational agent brings constructive changes to their customers and delivers value-added software and business processes.About Digifutura - An MSys Company :We are technology leaders that bring a fresh perspective to problem-solving. Our team follows the agile methodology and ensures that your idea reaches the market and has the first movers advantage at an affordable price tag. We are passionate, knowledgeable and committed to providing our customers the best possible services and solution.DigiFutura is a technology arm of MSys Technologies focusing on UX/UI design, web application development, mobile application development and custom software development across various industries.Mobinius - An MSys Company :  Mobinius – An MSys company is a renowned global techno – solutions provider, aiming at providing hi– tech solutions with an cohesive approach and disruptive technologies across various spectrums ranging from automation, construction, education, information technology, logistics, travel, healthcare & pharma etc. Below are our key offerings: Product development, Cloud on-boarding and migration, UI & UX development, Legacy Modernization, Rapid application development, Mobile strategy and consulting, IOT platforms and apps, Digital – Transformation, Data analytics, Mobinius MoleculesWebsite:- http://www.msystechnologies.comWho We are :For us, office is not just the four walls and a desktop. It is the place where trainees become professionals, professionals become experts and experts become demi-gods. It is the place where our employees turn their aspirations into reality by working on cutting-edge technologies for some of the best companies in the world. If you ever dreamed of being in the company of smartest techies on the planet and to work on the solutions which will redefine ‘tomorrow’ then “MSys” is the right place for you.Culture :Our culture is focused on our Corporate Values --People, Customer Success, Excellence, Innovation, Teamwork, Openness, Social Responsibility and Sustained Profitability. Join a worldwide team of talented, collaborative, innovative people who thrive in a work environment where people can share knowledge and learn from one another. You won’t find a more exciting place to build your career and challenge yourself. Accept the challenge and Go where innovation leads Join MSys !!!Join a workforce that made it to Top-20 :          Storage newsletter has named MSys Technologies as one of the top 20 fastest growing storage companies in the world. We achieved a growth rate of 55% in the last year and this was made possible because of an excellent leadership team and the sheer dedication of our brilliant workforce. We believe in constantly evolving and innovating at our end and the results are being reflected in their own right. If you see yourself as an enthusiast with a creative mend of mind, we invite you to join us in this exciting professional journey."
Opening For Go Lang developer : Contract Position,Burgeon It Services,"₹ 50,000 - 1,00,000 P.A. ",5 - 10 years,"Hyderabad/Secunderabad,Pune,Chennai,Bangalore/Bengaluru","Other,","go,Languages,kubernetes,docker,network",['UG :Any Graduate'],"IT Services & Consulting,","Other,","Full Time, Temporary/Contractual",Other,NA,Vijay PuppalaRecruitment Consultant at Burgeon It Services Pvt Ltd, 8 days ago,https://www.naukri.com/burgeon-it-services-jobs-careers-1136060?src=jddesktop,https://www.naukri.com/burgeon-it-services-jobs-careers-1136060?src=jddesktop,"Job descriptionRoles and Responsibilities  Skillset:Strong knowledge of Go programming language.Must have experience in advanced concept of GO.Understanding of containerization technologies (Docker, Kubernetes, etc.)Good written and verbal communication skills.Good to have exp in Networking/SDN domain.Responsibilities:Senior Development Engineer responsible for Golang developmentStrong debugging and troubleshooting skillsWork closely with client to improve the given software/tasks. Interested candidates please share your updated resume in format to Usha@burgeonits.net  with below detailsTotal Experience:Relevant experience:Current CTC:Expected CTC:Notice Period:Current Company:Date of Birth: Thanks & RegardsUsha PolojuBurgeon IT Services.INDIA |USA AUSTRALIA UKCanadaEmail Id: Usha@burgeonits.net , Website: www.burgeonits.netRoleOther,Industry TypeIT Services & Consulting,Functional AreaOther,Employment TypeFull Time, Temporary/ContractualRole CategoryOtherEducationUG :Any GraduateKey SkillsgoLanguageskubernetesdockernetworkSkills highlighted with ‘‘ are preferred keyskills","Burgeon is a global Technology & Consulting company specialized on diverse technology platforms i.e. Distributed Networks, Artificial Intelligence, Big Data & IoT, ERP. Its experienced Technical & Functional resources are working across US, Australia, Canada & India in various technologies. Burgeon has offices in Delaware (US), Melbourne (Australia), Hounslow (UK) & Hyderabad (India). With rich, varied experience in technology consulting and giving top quality service continuously, we offer ultimate subjective, on-time and cost-effective software solutions.  "
Senior Go Lang Developer,Excellarate Software Solutions4.6(7 Reviews),Not Disclosed,4 - 8 years,Pune,"Back End Developer,","Wireless,Cloud computing,PDF,Debugging,Agile,Application development,Business process management,Monitoring,microservices","['UG :Any Graduate', 'PG :MCA in Computers']","IT Services & Consulting,","Engineering - Software & QA,","Full Time, Permanent",Software Development,Websitehttps://www.excellarate.com/careers/senior-go-lang-developer/,NA, 30+ days ago,https://www.naukri.com/excellarate-solutions-jobs-careers-64321?src=jddesktop,https://www.naukri.com/excellarate-solutions-jobs-careers-64321?src=jddesktop,"Job description       Minimum 2-4 years of experience with Golang.     Good understanding and working experience with channels and goroutines.     Good understanding of Concurrency and Parallelism in Golang.     Good experience in using built-in testing and profiling framework.     Good understanding of Microservices architecture and its different components.     Experience in developing and using RESTful APIs, GRPC and Protobuf.     Experience in creating, deploying, monitoring and debugging Microservices.     Ability to containerize the service using Docker and Kubernetes.     Good to have a knowledge of go-micro, go-kit, Gizmo or Kite.     Collaborate with other developers and teams to build features that will be used at large scale.   RoleBack End Developer,Industry TypeIT Services & Consulting,Functional AreaEngineering - Software & QA,Employment TypeFull Time, PermanentRole CategorySoftware DevelopmentEducationUG :Any GraduatePG :MCA in ComputersKey SkillsWirelessCloud computingPDFDebuggingAgileApplication developmentBusiness process managementMonitoringmicroservices","At Excellarate, we strive to excel with innovation, offering our clients accelerated time-to-market, and deep domain expertise in HealthTech, FinTech, and InsurTech. Our product engineering teams help build engaging product experiences through top-notch solutions that bring value to our clients."
Go Lang Developer,Calsoft3.6(176 Reviews),Not Disclosed,3 - 8 years,"Pune,Bangalore/Bengaluru","Software Development - Other,","Networking protocols,Management,Testing","['UG :Any Graduate', 'PG :Any Postgraduate']","Software Product,","Engineering - Software & QA,","Full Time, Permanent",Software Development,Websitehttps://www.calsoftinc.com/about-us/careers/,NA, 30+ days ago,https://www.naukri.com/calsoft-jobs-careers-180?src=jddesktop,https://www.naukri.com/calsoft-jobs-careers-180?src=jddesktop,"Job description   3 years experienced GoLang developer , channels, Go routines, and interfacing   Hands on experience with the standard GoLang test library any of testing framework : testify, Gcheck, Goblin , Kubernetes Working knowledge of package management utilities like Glide/Dep, networking protocols     RoleSoftware Development - Other,Industry TypeSoftware Product,Functional AreaEngineering - Software & QA,Employment TypeFull Time, PermanentRole CategorySoftware DevelopmentEducationUG :Any GraduatePG :Any PostgraduateKey SkillsNetworking protocolsManagementTesting","Calsoft is ISV preferred product engineering services partner in Storage, Networking, Virtualization, Cloud, IoT and analytics domains. Our solution accelerators and frameworks expedite go-to-market product launches and accomplish business goals."
Senior Software Engineer,Mphasis3.8(4982 Reviews),Not Disclosed,6 - 10 years,Pune,"Full Stack Developer,","Software Development,C#,C++,C,Windows App Development,complex analysis,test cases,Go Lang","['UG :B.Tech/B.E. in Any Specialization', 'PG :Any Postgraduate']","IT Services & Consulting,","Engineering - Software & QA,","Full Time, Permanent",Software Development,"AddressSy No 12-112-2,29 and 31,5th,6th and 7th Floor,Tan, BANGALORE, Karnataka, India",NA, 9 days ago,https://www.naukri.com/mphasis-jobs-careers-6481?src=jddesktop,https://www.naukri.com/mphasis-jobs-careers-6481?src=jddesktop,"Job descriptionJob DescriptionRole: C++ DeveloperWho are we looking for?Looking for a C++ Developer with 6+ yrs exp.in C++Technical Skills: 6+ yrs of exp. in C++, C#Good to have Go LangWindows App DevelopmentSkilled to perform writing clean, readable, and easily maintainable code.Ability to follow the best practices guidelines and write quality and optimal code for good performance.Strong understanding of object-oriented programmingExcellent collaboration and communication skills. Ability to collaborate with other team members and stakeholders.Actively participate in team meetingsAbility to troubleshoot development and production problems, and support documentation. Perform complex analysis, design, and development tasks independently.Roles and Responsibilities: Contribute to the design and design alternatives to the requirements/stories and also participate in design reviews.Involve in Platform Sprint activities.Development of assigned stories in appropriate languages defined for each module.Develop Unit test cases and execute them part of continuous integration pipeline.Participate in peer code reviews Behavioral Skills:Verbal and written English communication skillsResult oriented team playerGood in communicationInterpersonal skillsQualification:Bachelor of EngineeringRoleFull Stack Developer,Industry TypeIT Services & Consulting,Functional AreaEngineering - Software & QA,Employment TypeFull Time, PermanentRole CategorySoftware DevelopmentEducationUG :B.Tech/B.E. in Any SpecializationPG :Any PostgraduateKey SkillsSoftware DevelopmentC#C++CWindows App Developmentcomplex analysistest casesGo LangSkills highlighted with ‘‘ are preferred keyskills","Mphasis is a leading IT solutions provider, offering Applications, Business Process Outsourcing (BPO) and Infrastructure services globally through a combination of technology knowhow, domain and process expertise.Mphasis Limited (then, Mphasis BFL Limited) was formed in June 2000 after the merger of the US-based IT consulting company Mphasis Corporation (founded in 1998) and the Indian IT services company BFL Software Limited (founded in 1993).Over the years we have left an indelible impression in the IT solutions domain with an impressive clientele and an extensive global presence. The accolades we have been garnering can be attributed to our undeterred focus in delivering quality solutions across verticals that meet the challenging requirements of our esteemed customers. Our integrated solutions offering is aimed at creating value for our customers, helping them in improving their business processes with minimum hassles and capital outlays. The perfect blend of technical excellence, business performance monitoring, business intelligence and customer experience management is what makes us endearing to our clients."
Software Engineer Trainee / Software Engineer -I,Exium India,Not Disclosed,0 - 1 years,"Pune,Bangalore/Bengaluru","Product Development Engineer,","Networking,C++,C,AI/ML,Rest APIs,TCP/IP,software engineering,Go Lang,Python",['UG :B.Tech/B.E. in Any Specialization'],"IT Services & Consulting,","Research & Development,","Full Time, Permanent",Engineering & Manufacturing,"AddressFlat No 102, WS NO. 07, Cabin No 12, Golden Square, Eden Park, Vittal Mallya Road, Bangalore, Bengaluru (Bangalore) Urban, Karnataka, 560001",Exium Recruitment TeamCompany Recruiter at Exium, 16 days ago,https://www.naukri.com/exium-india-jobs-careers-6813275?src=jddesktop,https://www.naukri.com/exium-india-jobs-careers-6813275?src=jddesktop,"Job descriptionRoles and Responsibilities The ideal candidate will be responsible for developing any of Cloud Native, Security, AI/ML, Web and Mobile application software . They will also be responsible for designing and implementing testable and scalable code. ResponsibilitiesDesign and develop quality code in areas mentioned aboveDesired Candidate Profile Bachelor's degree in Engineering (CS, IT, ECE preferred) with 0 -1 years experience. Freshers can applyPerks and Benefits RoleProduct Development Engineer,Industry TypeIT Services & Consulting,Functional AreaResearch & Development,Employment TypeFull Time, PermanentRole CategoryEngineering & ManufacturingEducationUG :B.Tech/B.E. in Any SpecializationKey SkillsNetworkingC++CAI/MLRest APIsTCP/IPsoftware engineeringGo LangPythonSkills highlighted with ‘‘ are preferred keyskills","Exium, a US-based Stealth mode startup funded by tier-1 investors, is building industrys most advanced and modern Secure Access Services Edge (SASE) platform at the intersection of Cloud, 5G and Cybersecurity technologies. SASE blends cybersecurity and networking and delivers secure accelerated access as-a-service to our Enterprise customers. We are currently hiring Software-Defined Cloud Network Engineers to join our Networking team to take on the critical responsibility to design, develop, and grow a massively scalable multi-cloud native SASE platform. "
Senior Embedded Software Engineer,Capgemini3.9(24534 Reviews),Not Disclosed,4 - 8 years,"Kolkata,Hyderabad/Secunderabad,Pune,Bangalore/Bengaluru,Delhi / NCR,Mumbai (All Areas)","Embedded Hardware Engineer,","embedded software,c++,i2c",['UG :B.Tech/B.E. in Any Specialization'],"IT Services & Consulting,","Engineering - Hardware & Networks,","Full Time, Permanent",Hardware,"AddressAiroli Knowledge Park, TTC Industrial Area Thane-Belapur Road, Airoli, NAVI MUMBAI, Maharashtra, India",NA, 2 days ago,https://www.naukri.com/capgemini-jobs-careers-649?src=jddesktop,https://www.naukri.com/capgemini-jobs-careers-649?src=jddesktop,"Job description Job SummaryIn this position candidate will be responsible for developing Embedded Software for industry leading products which bring sustainable, efficient climates solutions to buildings, homes and transportation. Responsibilities:  Design and development of Embedded Controller Software. This will involve understanding the requirements and performing various SDLC activities like design, development and testing. Will be responsible for driving development of software modules from requirements definition to release stage, with minimal guidance. He/She will design and develop software for new products and enhance existing products.  Key Competencies:Has extensive knowledge in design and      programming in an Embedded Systems environment. Expert knowledge of developing modular software      using C and C++ in an Embedded platform.Familiar with working in Embedded Linux development      environment.Capable of understanding Hardware/Software interfaces      and reading schematics.Very good understanding of communication      interfaces like CAN, RS232, I2C, SPIFamiliar with communication protocols like      Bluetooth/BLE, GSM AT CommandsFamiliar with GPS positioningGood knowledge of embedded tools like emulators, linkers,      makefiles is essential. Familiar in using static code analysis tools. Experience in writing multithreaded software and class      libraries is desired. Experience in standard automotive communication      protocols likes J1939.Has experience in software effort estimation techniques      and can guide junior engineers.Qualifications:Total experience of 4 to 8 yearsBachelor of engineering degree in Computer Science,      Electronics & Communication or equivalent required.Location - Mumbai, Pune, Gandhi Nagar, Gurgaon, Hyderabad, Bangalore, ChennaiRoleEmbedded Hardware Engineer,Industry TypeIT Services & Consulting,Functional AreaEngineering - Hardware & Networks,Employment TypeFull Time, PermanentRole CategoryHardwareEducationUG :B.Tech/B.E. in Any SpecializationKey Skillsembedded softwarec++i2cSkills highlighted with ‘‘ are preferred keyskills","About Capgemini -Capgemini is a global leader in partnering with companies to transform and manage their business by harnessing the power of technology. The Group is guided everyday by its purpose of unleashing human energy through technology for an inclusive and sustainable future. It is a responsible and diverse organization of over 300,000 team members in nearly 50 countries. With its strong 50-year heritage and deep industry expertise, Capgemini is trusted by its clients to address the entire breadth of their business needs, from strategy and design to operations, fueled by the fast evolving and innovative world of cloud, data, AI, connectivity, software, digital engineering and platforms. The Group reported in 2020 global revenues of ‚16 billion.Get The Future You Want | www.capgemini.comCapgemini in India comprises over 150,000 team members working across 13 locations: Bangalore, Bhubaneswar, Chennai, Coimbatore, Gandhinagar, Gurugram, Hyderabad, Kolkata, Mumbai, Noida, Pune, Salem and Tiruchirappalli. Learn more about Capgemini in India at www.capgemini.com/in-en."
Senior Software Engineer-Cloud Security,Citiustech4.0(758 Reviews),Not Disclosed,4 - 9 years,"Mumbai,Pune,Chennai,Gurgaon/Gurugram,Bangalore/Bengaluru","Technical Architect,","Automation,cloud security,Linux,Networking,Performance testing,Application development,Windows,Open source,SDLC,Python","['UG :B.Tech/B.E. in Production/Industrial', 'PG :Any Postgraduate']","IT Services & Consulting,","Engineering - Software & QA,","Full Time, Permanent",Software Development,Websitehttps://citiustech.mynexthire.com/employer/jobs?p=eyJwYWdlVHlwZSI6ImpkIiwiY3ZTb3VyY2UiOiJjYXJlZXJzIiwicmVxSWQiOjkxOTMsInJlcXVlc3RlciI6eyJpZCI6IiIsImNvZGUiOiIiLCJuYW1lIjoiIn0sInBhZ2UiOiJjYXJlZXJzIiwiYnVmaWx0ZXIiOi0xfQ%3D%3D,NA, 30+ days ago,https://www.naukri.com/citiustech-jobs-careers-142075?src=jddesktop,https://www.naukri.com/citiustech-jobs-careers-142075?src=jddesktop,"Job description     As a Senior Software Engineer Cloud Security, you will bepart of an agile team to build healthcare applications and implement newfeatures while adhering to the best coding development standards. Your keyresponsibilities include:      Should have 3- 5 years         ofrelevant experience in architecting/operating security solutions built on Cloud     Familiarity with compliance security standards acrossthe enterprise IT landscape     Should possess business level understanding of enterprisesystems to drive innovations and transformations     Implementation experience in Access Management, VirtualNetworking, CIS Benchmark, Hardening, etc.      Implementation experience with enterprise security solutionssuch as Network controls, Anti-Distributed Denial of Service (Anti-DDoS), WebApplication Firewall (WAF), API Gateways, Security Information and EventManagement (SIEM)     Integrate knowledge of Cloud Security fundamentals,including cryptography and the shared responsibility model into adoption modelsand methods for customers     Consistent track record in designing and deliveringenterprise-level security solutions both commercial and Open source     Proven experience of building security referencearchitecture for pure/hybrid cloud scenarios     Experience in platform-level security mitigations andhardening for Linux/Windows     Detailed knowledge of standards for authentication andauthorization      Hands on experience in deploying or supporting traditionalsecurity infrastructure such as Firewalls, WAF, IDS/IPS or SIM tools      Significant technical expertise in Cloud Computingtechnologies, scripting languages (Python, RoR, Azure CLI, Bash, etc.),integrating 3rd party monitoring tools, encryption tools and best practices,and forensics      Familiarity with compliance security standards acrossthe enterprise IT landscape; Deep understanding of enterprise risk managementmethods and techniques to drive successful outcomes in a multi-nationalenvironment     Expert knowledge of cloud computing technologies andworkload transition challenges     Identify, design, and deploy solutions to secure cloud Environment     Hands-on technical expertise in Security Architecture,automation, integration, and deployment (DevOps)              Education       Engineering Degree - BE / BTech     Technical certification in multiple technologies isdesirable.              Required Skills        Azure       Administration       Linux       Python       DevOps       IT Management              RoleTechnical Architect,Industry TypeIT Services & Consulting,Functional AreaEngineering - Software & QA,Employment TypeFull Time, PermanentRole CategorySoftware DevelopmentEducationUG :B.Tech/B.E. in Production/IndustrialPG :Any PostgraduateKey SkillsAutomationcloud securityLinuxNetworkingPerformance testingApplication developmentWindowsOpen sourceSDLCPython","CitiusTech is a leading provider of consulting and digital technology to healthcare and life sciences companies. We are strategic partners to the world’s leading payer, provider, MedTech and life sciences companies to drive innovation, business transformation and industry-wide convergence. We play a deep and meaningful role in accelerating digital innovation, driving sustainable value and helping improve outcomes across the healthcare ecosystem."
Senior Software Engineer- HL7 V2.x,Citiustech4.0(758 Reviews),Not Disclosed,3 - 5 years,"Mumbai,Hyderabad/Secunderabad,Pune,Chennai,Gurgaon/Gurugram,Bangalore/Bengaluru","Full Stack Developer,","Cloud computing,Automation,Coding,Enterprise applications,Performance testing,Agile,Healthcare,Application development,Unit testing,SDLC","['UG :Any Graduate', 'PG :Any Postgraduate']","IT Services & Consulting,","Engineering - Software & QA,","Full Time, Permanent",Software Development,Websitehttps://citiustech.mynexthire.com/employer/jobs?p=eyJwYWdlVHlwZSI6ImpkIiwiY3ZTb3VyY2UiOiJjYXJlZXJzIiwicmVxSWQiOjE3OTc5LCJyZXF1ZXN0ZXIiOnsiaWQiOiIiLCJjb2RlIjoiIiwibmFtZSI6IiJ9LCJwYWdlIjoiY2FyZWVycyIsImJ1ZmlsdGVyIjotMX0%3D,NA, 30+ days ago,https://www.naukri.com/citiustech-jobs-careers-142075?src=jddesktop,https://www.naukri.com/citiustech-jobs-careers-142075?src=jddesktop,"Job description As a Sr. Software Engineer – HL7 , you will be part of agile team to build healthcare applications and implement new features while adhering to the best coding development standards. Your key responsibilities include:    Develop new interfaces as per specifications   Do enhancements to existing interfaces when requested   Troubleshoot any reported issues   Perform Unit testing of developed interfaces   Monitor production deployed interfaces   Work in Agile team    Education   Engineering Degree - BE / BTech   Technical certification in multiple technologies is desirable.    Mandatory Skills   Should have good knowledge of HL7   Development experience on at least one interface engine (Mirth, Ensemble, Cloverleaf, Rhapsody, etc.)   Good communication and client facing skills   Experience in US Healthcare Workflows   Should be available to work in 6 pm to 3 am shift    Desired Skills    Experience working with FHIR   Experience working with CCDA   Experience in Requirements gathering and documentation will be an added advantage   Communication with client stakeholders  RoleFull Stack Developer,Industry TypeIT Services & Consulting,Functional AreaEngineering - Software & QA,Employment TypeFull Time, PermanentRole CategorySoftware DevelopmentEducationUG :Any GraduatePG :Any PostgraduateKey SkillsCloud computingAutomationCodingEnterprise applicationsPerformance testingAgileHealthcareApplication developmentUnit testingSDLC","CitiusTech is a leading provider of consulting and digital technology to healthcare and life sciences companies. We are strategic partners to the world’s leading payer, provider, MedTech and life sciences companies to drive innovation, business transformation and industry-wide convergence. We play a deep and meaningful role in accelerating digital innovation, driving sustainable value and helping improve outcomes across the healthcare ecosystem."
Senior Software Engineer or Software Engineer (Java Developer),Netcracker3.7(398 Reviews),Not Disclosed,7 - 12 years,"Hyderabad/Secunderabad,Pune,Gurgaon/Gurugram,Bangalore/Bengaluru","Back End Developer,","Core Java,Micro services,Cloud,Springboot,Microservices",['UG :Any Graduate'],"IT Services & Consulting,","Engineering - Software & QA,","Full Time, Permanent",Software Development,"AddressPLOT NO. 5 AND 43,HITECH CITY,MADHAPUR,Hyderabad,Telangana,India",NA, 8 days ago,https://www.naukri.com/netcracker-jobs-careers-109466?src=jddesktop,https://www.naukri.com/netcracker-jobs-careers-109466?src=jddesktop,"Job descriptionJob responsibilities:  Work as a member of development team;  Estimating efforts and duration on development;  Work on Netcracker BSS/OSS development projects;  Involvement in solution implementation projects;  Interaction with Business Analysts, Quality Assurance and Customer Support teams;  Provide expertise and best practices on technical aspects of product development and implementation projects including performance;  Introduce new development technologies, instruments and techniques. Job requirements:  Experience in writing technical design and development of the application  Good understanding and hands-on work experience in Core Java/J2EE & concepts such as OOPS, multithreading, Collections, Concurrency, Exception Handling, JDBC, File I/O, XML APIs etc.  Good Hands on experience in Microservices & SpringBoot  Design skills –Design Patterns, RESTful design.  Good understanding & working experience in Spring, Spring data, Spring boot, REST  Knowledge of web-services (REST and SOAP);  Good working experience in SQL & database [Oracle / Postgre];  Familiarity with NOSQL databases like Cassandra or Mongo DB  Familiarity with message queues like Kafka.  Know-how on containerization applications like Docker, Kubernetes is preferred.  Proficient understanding of code versioning tool – SVN.  Hands-on experience in writing Unit tests using Junit.  Working experience in Jenkins, Maven, SonarQube.  Experience in tuning applications based on Performance tests/ Load tests/ Stress tests is preferred.  Knowledge of development lifecycle, standards, approaches, utilities and environment: shells, IDEs.  Familiarity with JIRA / JQL is an added advantageRoleBack End Developer,Industry TypeIT Services & Consulting,Functional AreaEngineering - Software & QA,Employment TypeFull Time, PermanentRole CategorySoftware DevelopmentEducationUG :Any GraduateKey SkillsCore JavaMicro servicesCloudSpringbootMicroservices","Founded in 1993, NetCracker Technology is the proven, strategic partner delivering mission-critical solutions to communications service providers around the world. With our global reach, leading-edge technology, and unbroken track record of successful implementations, we eliminate operational and business silos and deliver real-time experience in an on-demand world"
Senior Software Engineer,Capgemini3.9(24534 Reviews),Not Disclosed,4 - 9 years,"Kolkata,Hyderabad/Secunderabad,Pune,Chennai,Bangalore/Bengaluru","Full Stack Developer,","Software Engineering,Jenkins,Airflow,Hive,DevOps,Github,Agile,Spark,AWS","['UG :Any Graduate', 'PG :Any Postgraduate']","IT Services & Consulting,","Engineering - Software & QA,","Full Time, Permanent",Software Development,"AddressAiroli Knowledge Park, NAVI MUMBAI, Maharashtra, India",NA, 16 days ago,https://www.naukri.com/capgemini-jobs-careers-649?src=jddesktop,https://www.naukri.com/capgemini-jobs-careers-649?src=jddesktop,"Job descriptionReports to the Feature Lead/Project Manager on the program or the lead solution designer or architect. Will take direction from the CG or client project manager for work and technical design from the solution designer or architect. Job OverviewThe role of Data Engineer involves leading complex business reengineering development projects and to solve organizational problems through IT solutions using Big Data concepts, Platform tools and software engineering languages as required. Primary SkillsPrior experience as a data engineerHands-on experience in Cloud Computing – AWS preferablyExperience in programming and shell scripting eg. Core/Python/Scala/JavaExperience in Hadoop Stack eg. Hive, Spark (Core and Streaming), Kafka, Flink, NIFI;Experience with Github and Jenkins;Experience working on stream transform using Spark Streaming or Flink;Experience working on change data capture in a big data ecosystem;Experience in building real time or batch ingestion and transformation pipelines;Experience in data orchestration tools (Airflow is preferred)Secondary SkillsExperience supporting a production service in a DevOps friendly environment;Experience working in Agile/Scrum teams;Hands on experience in API and cloud-native architecture;Experience with ‘container’ technology (e.g. Docker, Kubernetes); Experience wrangling data using library such as Pandas, Scikit-learn or Numpy;Experience using notebook such as Jupyter or Polyglot;Experience with test-driven development, test automation & continuous delivery;Experience in Java build automation technologies such as Gradle, Maven, Integration with Sonarqube etc.; RoleFull Stack Developer,Industry TypeIT Services & Consulting,Functional AreaEngineering - Software & QA,Employment TypeFull Time, PermanentRole CategorySoftware DevelopmentEducationUG :Any GraduatePG :Any PostgraduateKey SkillsSoftware EngineeringJenkinsAirflowHiveDevOpsGithubAgileSparkAWSSkills highlighted with ‘‘ are preferred keyskills","Capgemini is a global leader in partnering with companies to transform and manage their business by harnessing the power of technology. The Group is guided everyday by its purpose of unleashing human energy through technology for an inclusive and sustainable future. It is a responsible and diverse organization of over 300,000 team members in nearly 50 countries. With its strong 50-year heritage and deep industry expertise, Capgemini is trusted by its clients to address the entire breadth of their business needs, from strategy and design to operations, fueled by the fast evolving and innovative world of cloud, data, AI, connectivity, software, digital engineering and platforms. The Group reported in 2020 global revenues of €16 billion.

Capgemini in India comprises over 150,000 team members working across 13 locations: Bangalore, Bhubaneswar, Chennai, Coimbatore, Gandhinagar, Gurugram, Hyderabad, Kolkata, Mumbai, Noida, Pune, Salem and Tiruchirappalli."
Senior Software Engineer (DSP),Einfochips3.7(236 Reviews),Not Disclosed,3 - 8 years,"Hyderabad/Secunderabad,Pune,Ahmedabad,Bangalore/Bengaluru","Software Development - Other,",DSP,['UG :B.Tech/B.E. in Any Specialization'],"Electronic Components / Semiconductors,","Engineering - Software & QA,","Full Time, Permanent",Software Development,Websitehttps://www.eInfochips.com,Shirisha BisaboiyinaConsultant at Einfochips, 13 days ago,https://www.naukri.com/einfochips-jobs-careers-1721344?src=jddesktop,https://www.naukri.com/einfochips-jobs-careers-1721344?src=jddesktop,"Job descriptionRoles and Responsibilities 1.We have immediate openings at eInfochipsSkills:1.DSP processor hardware architecture, such as SHARC, Hexagon, TI C6x, HIFI2. DSP processor peripherals (HW/SW protocol, and drivers), such as UART, SPI, I2S, I2C, Flash.3. Matlab and Simulink experience4. Basic knowledge of digital signal processing5. Real time operation systems, such as uCOS, FreeRTOS, including its threading, scheduler, synchronization, resource management.6. Solid C programming (compiler, linker, memory, CRT, etc.)7. Python programming8. Basic hardware board booting/debugging/schematic/scope.9. Generic C development environment, crossing compiling.Experience: 3 to 8 YearsLocation: Ahmedabad/Pune/Hyderabad/BangaloreRoleSoftware Development - Other,Industry TypeElectronic Components / Semiconductors,Functional AreaEngineering - Software & QA,Employment TypeFull Time, PermanentRole CategorySoftware DevelopmentEducationUG :B.Tech/B.E. in Any SpecializationKey SkillsDSP","eInfochips, an Arrow company, is a leading global provider of product engineering and semiconductor design services. With over 500+ products developed and 40M deployments in 140 countries, eInfochips continues to fuel technological innovations in multiple verticals. The company€™s service offerings include digital transformation and connected IoT solutions across various cloud platforms, including AWS and Azure.   Along with Arrow€™s $27B in revenues, 19,000 employees, and 345 locations serving over 80 countries, eInfochips is primed to accelerate connected products innovation for 150,000+ global clients. eInfochips acts as a catalyst to Arrow€™s Sensor-to-Sunset initiative and offers complete edge-to-cloud capabilities for its clients through Arrow Connect.  Founded in 1994, our work culture is built over years of experience in providing innovative solutions to our clients and our indomitable spirit to excel in all aspects of our engagement. We believe that our success lies upon the skills and quality of our people we work with.  Silicon engineering services: ASIC / FPGA Design & Development, Design Verification & Validation, Physical Design & DFT  Embedded systems engineering services: Hardware Design, System Software, System Verification & Validation, Multimedia  Software engineering services: Cloud Enablement, IoT & Mobility, Application Software, QA and Test Automation, BI and Data Visualization Extended services: New Product Development, Lifecycle Management, Product Sustenance  IPs: DevOps for IoT, IoT Gateway Framework, IoT Device Lifecycle Management, Video Management Software, Reusable Camera Framework, Test Automation Framework, Reference Designs & EVMs, Verification IPs, OptiX €“ Physical Design Framework   Corporate Video: https://www.youtube.com/watch?v=-Z8u_-8TAkQ"
Java Developer || Senior Software Engineer,Xoriant4.3(992 Reviews),Not Disclosed,5 - 6 years,"Pune,Mumbai (All Areas)","Back End Developer,","java,kafka,Spring,mongodb,spring boot,nosql",['UG :B.Tech/B.E. in Any Specialization'],"IT Services & Consulting,","Engineering - Software & QA,","Full Time, Permanent",Software Development,"Address7TH FLOOR, Tower C, Times Square, Andheri Kurla Road, Marol, Gamdevi, Andheri East, Mumbai Suburban, Maharashtra, 400059, MUMBAI, Maharashtra, India",NA, 2 days ago,https://www.naukri.com/xoriant-jobs-careers-71554?src=jddesktop,https://www.naukri.com/xoriant-jobs-careers-71554?src=jddesktop,"Job description Experience: 5-6 YearsLocation: Mumbai/PuneNotice Period: Immediate to 30 DaysSkills that will help you succeed:Need API developer with hands on experience in the below skills:• 4 years professional experience in Java, Spring/Spring Boot, Apache Kafka.• Fluent in a modern compiled language • Solid OOPS and software design knowledge• Familiarity with databases (e.g. MongoDB, NoSQL), web servers (e.g. Apache) •  Knowledge on any database• Successfully built APIs, database models, and event driven patterns• Resource must have experience as individual contributor, developing efficient APIs using best practices and unit test cases• Resource must have work experience in Agile framework to adapt the work culture.About Xoriant:Xoriant is a Silicon Valley based product engineering, software development and technology services firm with offices in the U.S., Europe and Asia. At Xoriant, we have always strived to give our employees the best work culture, work-life balance, opportunities, compensation & benefits and recognition. The result, an average tenure of a Xorianter is five years, significantly longer than most firms. This number reflects our deep commitment to our employees.Some of the Xoriant advantages for all employees are:        Innovate: Take the freedom to experiment, learn and grow with like-minded people        Recognition: Xorianters perform well and get recognized from time to time        Great Place to work: Xoriant has been appraised as Great Place to work for consecutive two years by GPTW        Grow: We grow when our employees grow, so we give them lots of opportunities to learn and grow        Fun at work: Work doesnt always have to be serious; we regularly have activities to keep our employee fun filled with high-energy        Benefits: Benefits and compensation includes health insurance for employees, retirement plans and competitive compensationRoleBack End Developer,Industry TypeIT Services & Consulting,Functional AreaEngineering - Software & QA,Employment TypeFull Time, PermanentRole CategorySoftware DevelopmentEducationUG :B.Tech/B.E. in Any SpecializationKey SkillsjavakafkaSpringmongodbspring bootnosqlSkills highlighted with ‘‘ are preferred keyskills","Xoriant Corporation is a product engineering and services company, serving technology startups as well as mid-size to large corporations. We offer a flexible blend of onsite, offsite and offshore services from our Global delivery centers ( Sunnyvale,  New Jersey, Mumbai, Pune, Gurgaon, Kolkata and Bangalore)  with over 2000 software professionals. Xoriant has deep client relationships spanning over 25 years with various clients ranging from startups to Fortune 100 companies.At Xoriant, our expertise in emerging technologies drives our growth.  Our focus on building technology practices in Digital, Cloud, Analytics, DevOps and Security provides excellent opportunities for advanced technical learning and career progression.  Xoriant was voted in the Top 50 Best Information Technology Companies to work for in India €“ 2016 by the Great Place to Work Institute and is proud to be known as one of the few CMMI level companies who focus on emerging technologies.Read our Bloghttp://www.xoriant.com/blog"
Senior Software Engineer - SAP BW Developer,Siemens4.2(4986 Reviews),Not Disclosed,4 - 8 years,Pune,"Full Stack Developer,","Automation,SAP,Front end,HTML,Project planning,Business intelligence,Information technology,ABAP,Analytics,Monitoring","['UG :Any Graduate', 'PG :Any Postgraduate']","Industrial Automation,","Engineering - Software & QA,","Full Time, Permanent",Software Development,Websitehttps://jobs.siemens.com/jobs/347616,NA, 6 days ago,https://www.naukri.com/siemens-jobs-careers-73816?src=jddesktop,https://www.naukri.com/siemens-jobs-careers-73816?src=jddesktop,"Job description                                    As part of our BW / HANACore Development Team you will have the technical responsibility for design,development and optimization of complex data models and planning applicationsbased on BW4HANA in the business area of SiemensMobility global commercial project planning.      Design and Development of technical solutions in order to implement future requirements in line with the business strategy.   You have the full responsibility for design and development of individual Business Intelligence applications/reports based on BW4HANA   We count on your expertise while creating and maintaining complex data models and interfaces in challenging projects.   You understand the requirements from our worldwide business stakeholders and create innovative solutions upon central SAP modules such as FI, CO, PS   In-depth knowledge of HANA and BW backend platform and new technologies   Design, code, test, debug, document and support all types of data flows, views, web services and transformation procedures consistent with established specifications and business requirements to deliver maximum business value   You provide operative support of the application by handling incidents and monitoring data loading processes     What do I bring with me:     The cornerstone of your professional success is a degree in IT, informatics or business informatics. Alternatively, you can show a comparable training in conjunction with corresponding additional qualifications.   Interact with business stakeholders in requirement gathering, understanding business logic and creating end to end data models by building reports using reporting tools to help business making decisions swiftly.   4-8 years of work experience in areas like SAP BW, ABAP, Web Services, reporting tools like SAP Lumira Designer, SAP Analysis for Office.   Strong experience in developing end to end SAP BW4HANA data models.   You are also experienced in daily monitoring of an enterprise data warehouse (Info providers, DSO, process chains, jobs, etc.)   Well Versed in creation of BEx queries built on BW data models and aligning with business in creating reports using reporting tools.   Experience in Enhancing existing reports or build new reports using state of the art BI front end technologies like SAP Analysis for Office and Lumira Designer.   Open to explore and work on new technologies like SAP Analytics Cloud.                 RoleFull Stack Developer,Industry TypeIndustrial Automation,Functional AreaEngineering - Software & QA,Employment TypeFull Time, PermanentRole CategorySoftware DevelopmentEducationUG :Any GraduatePG :Any PostgraduateKey SkillsAutomationSAPFront endHTMLProject planningBusiness intelligenceInformation technologyABAPAnalyticsMonitoring","Siemens is a technology company focused on industry, infrastructure, transport, and healthcare. From more resource-efficient factories, resilient supply chains, and smarter buildings and grids, to cleaner and more comfortable transportation as well as advanced healthcare, the company creates technology with purpose adding real value for customers. By combining the real and the digital worlds, Siemens empowers its customers to transform their industries and markets, helping them to transform the everyday for billions of people. Siemens also owns a majority stake in the publicly listed company Siemens Healthineers, a globally leading medical technology provider shaping the future of healthcare. In addition, Siemens holds a minority stake in Siemens Energy, a global leader in the transmission and generation of electrical power."
Senior Software Engineer - Integration Developer,Siemens4.2(4986 Reviews),Not Disclosed,2 - 6 years,Pune,"Full Stack Developer,","Automation,SAP,Agile development,devops,Siemens,Manager Technology,HTML,Business strategy,Management,Information technology","['UG :Any Graduate', 'PG :Any Postgraduate']","Industrial Automation,","Engineering - Software & QA,","Full Time, Permanent",Software Development,Websitehttps://jobs.siemens.com/jobs/347615,NA, 6 days ago,https://www.naukri.com/siemens-jobs-careers-73816?src=jddesktop,https://www.naukri.com/siemens-jobs-careers-73816?src=jddesktop,"Job description                                  In your new role as integration developer, you will be responsible for understanding, designing, and implementing APIs and integration pipelines using different tools    You will design new API products reusing robust integration solutions and design patterns in line with the business strategy, security, and compliance requirements    You will support the design of the integration platform architecture in cooperation with other experts and architects    You will be part of a learning culture, where teamwork and collaboration are encouraged, excellence is rewarded, and diversity is respected and valued      What do I bring with me      Deep Understanding of GraphQL, REST (RESTful), RPC and SOAP core concepts    Experienced working with Azure API management, SnapLogic, Kafka, Confluent, SAP Data Service    Experience in working in DevOps teams are highly welcome    Understanding of Agile development methodologies    Flexibility to work with people in different time zones, e.g., Europe, US etc.    Excellent in verbal and written communication     RoleFull Stack Developer,Industry TypeIndustrial Automation,Functional AreaEngineering - Software & QA,Employment TypeFull Time, PermanentRole CategorySoftware DevelopmentEducationUG :Any GraduatePG :Any PostgraduateKey SkillsAutomationSAPAgile developmentdevopsSiemensManager TechnologyHTMLBusiness strategyManagementInformation technology","Siemens is a technology company focused on industry, infrastructure, transport, and healthcare. From more resource-efficient factories, resilient supply chains, and smarter buildings and grids, to cleaner and more comfortable transportation as well as advanced healthcare, the company creates technology with purpose adding real value for customers. By combining the real and the digital worlds, Siemens empowers its customers to transform their industries and markets, helping them to transform the everyday for billions of people. Siemens also owns a majority stake in the publicly listed company Siemens Healthineers, a globally leading medical technology provider shaping the future of healthcare. In addition, Siemens holds a minority stake in Siemens Energy, a global leader in the transmission and generation of electrical power."
Senior Software engineer: Dot net developer,Cybage4.0(1198 Reviews),"₹ 7,00,000 - 15,00,000 P.A. ",3 - 8 years,"Gandhinagar,Hyderabad/Secunderabad,Pune","Back End Developer,",".net,mvc,Dotnet Development,dot net developer,.net core,ASP.Net",['UG :Any Graduate'],"IT Services & Consulting,","Engineering - Software & QA,","Full Time, Permanent",Software Development,"AddressSurvey No.13A,1,2,3,,Cybage Towers,Wadgaon Sheri,M, PUNE, Maharashtra, India",NA, 2 days ago,https://www.naukri.com/cybage-jobs-careers-2065?src=jddesktop,https://www.naukri.com/cybage-jobs-careers-2065?src=jddesktop,"Job description About Cybage:Founded in 1995, Cybage Software Pvt. Ltd., a technology consulting organization is a leader in the hi-tech and outsourced product engineering space. We are a valued partner to technology startups, mid-size companies, and Fortune 500 corporations alike. Our solutions are focused on modern technologies, and are enabled by a scientific, data-driven system called the Excel Shore Model of Operational Excellence.Roles and Responsibilities Understand the business requirements and translate the requirements into project specific solution design specifications.Build Rich Internet application to Join our .NET development team.Builds software/web applications  Follows coding standards, builds appropriate unit tests, integration tests and deployment scripts Communicate continually with the client and project teams  Explains progress on the development effortDesired Candidate Profile 1. Good working experience of 1 to 3 years in .NET/.Net core , SQL, MVC, Web API and Entity framework.2. Should be strong in OOPS concepts3. Knowledge of Object-Oriented JavaScript libraries like jQuery.4. should be able to interpret written requirements and technical specification documents5. Well-versed in software engineering principles, frameworks and technologies6. Should be able to communicate with the client independently7. Should be a team player & an individual contributorRoleBack End Developer,Industry TypeIT Services & Consulting,Functional AreaEngineering - Software & QA,Employment TypeFull Time, PermanentRole CategorySoftware DevelopmentEducationUG :Any GraduateKey Skills.netmvcDotnet Developmentdot net developer.net coreASP.NetSkills highlighted with ‘‘ are preferred keyskills","About Cybage:Founded in 1995, Cybage Software Pvt. Ltd., a technology consulting organization is a leader in the hi-tech and outsourced product engineering space. We are a valued partner to technology startups, mid-size companies, and Fortune 500 corporations alike. Our solutions are focused on modern technologies, and are enabled by a scientific, data-driven system called the ExcelShore® Model of Operational Excellence.Cybage has a highly skilled talent pool of more than 6,200 employees and a marked presence in North America, UK, Europe, Japan, Australia, and Singapore. We provide seamless services and dependable deliveries to our clients from diverse industry verticals such as Media and Entertainment, Travel and Hospitality, Online Retail, Healthcare and Life Sciences, and Technology. Cybage has seven defined technology focused CoEs€”eCommerce, Enterprise Mobility, Customer Relationship Management, Business Intelligence, Enterprise Content Management, Cloud Computing and Supply Chain Management. We would like to invite charismatic achievers to join its winning team of more than 6,200 professionals to soar beyond the boundaries of success. For more information, log on to www.cybage.com A few of our achievements are listed below:€¢	Ranked 8th in Best IT Employer by Dataquest in Best Employers Survey- India€¢	Ranked  34 in IAOP 2014 Global Outsourcing 100 List€¢	Among the top 100 Global services 100 list - Defining Leadership in Global IT and Business Process Outsourcing€¢	Ranked as a €Leader€ in the Consumer Software and Enterprise Software categories. This ranking is a testimony of our capabilities of being a leading software solution provider in both the consumer software as well as the enterprise software space. €¢	Ranked as 15th €Dream Companies to Work for€ in 2014 by World HRD Congress and Bloomberg TV.€¢	Conferred the Asian outsourcing Excellence Awards in the following categories at the CMO Asia Awards ceremony:1.	Use of Technology for Operational Excellence2.	Outsourcing service provider of the year€¢	Cybage has been ranked as an €Established Leader in Niche verticals€ in a survey conducted by Zinnov Consulting."
Senior Software Engineer,Xoriant4.3(992 Reviews),Not Disclosed,5 - 10 years,"Pune,Chennai,Bangalore/Bengaluru","Back End Developer,","Java,Hibernate,Spring,microservices","['UG :B.Tech/B.E. in Any Specialization', 'PG :MS/M.Sc(Science) in Any Specialization, MCA in Any Specialization, M.Tech in Any Specialization']","IT Services & Consulting,","Engineering - Software & QA,","Full Time, Permanent",Software Development,"Address7TH FLOOR, Tower C, Times Square, Andheri Kurla Road, Marol, Gamdevi, Andheri East, Mumbai Suburban, Maharashtra, 400059, MUMBAI, Maharashtra, India",Ashutosh KulkarniAssociate Recruitments at Xoriant Solutions Pvt.Ltd, 7 days ago,https://www.naukri.com/xoriant-jobs-careers-71554?src=jddesktop,https://www.naukri.com/xoriant-jobs-careers-71554?src=jddesktop,"Job descriptionMandatory Skills: Should have 6 - 10 years of strong experience in Java technology Good knowledge and experience of Core Java, working with JEE web applications and technologies like Spring Framework (Spring Boot, Spring MVC), JMS, MQ Ensure high-quality code is developed, tested, and implemented using Java, Spring boot microservices framework, Kafka, MQ and/or UI framework and Oracle Database Write DB queries, backend scripts where needed Ensure controls pertinent to Solutions Development organization are followed as per client standards  Work with QA team to ensure system, stress and integration tests are performed and the solution is verified Strong understanding of Object-Oriented Paradigm and Java Platform (Preferred Java 8+) Familiar with JVM features, garbage collection, class loaders, and class loading policy Familiar with design patterns having used front end (Front Controller, Session Facade) and backend patterns (Singleton, Observer) Working knowledge of SQL, Oracle Database and Basic Linux/Unix commands Experience in application performance tuning, writing, and executing unit tests and test suites, preferably JUnit Worked extensively on Multithreading Experience in using tools like Check style, PMD, and Sonar Experience in working with MVC Frameworks preferably Spring MVC Experience in using ORM Frameworks such as Hibernate Experience using Maven to build Java projects Knowledge of tools such as GIT, Bitbuxcket, Eclipse, Jira, Confluence Experience in Application Server Deployed applications on Tomcat, WebSphere, and JBoss Well versed with Agile software development methodologies Review code of junior developers, provide guidance Experience in Financial domains preferable.RoleBack End Developer,Industry TypeIT Services & Consulting,Functional AreaEngineering - Software & QA,Employment TypeFull Time, PermanentRole CategorySoftware DevelopmentEducationUG :B.Tech/B.E. in Any SpecializationPG :MS/M.Sc(Science) in Any Specialization, MCA in Any Specialization, M.Tech in Any SpecializationKey SkillsJavaHibernateSpringmicroservicesSkills highlighted with ‘‘ are preferred keyskills","Xoriant Corporation is a product engineering and services company, serving technology startups as well as mid-size to large corporations. We offer a flexible blend of onsite, offsite and offshore services from our Global delivery centers ( Sunnyvale,  New Jersey, Mumbai, Pune, Gurgaon, Kolkata and Bangalore)  with over 2000 software professionals. Xoriant has deep client relationships spanning over 25 years with various clients ranging from startups to Fortune 100 companies.At Xoriant, our expertise in emerging technologies drives our growth.  Our focus on building technology practices in Digital, Cloud, Analytics, DevOps and Security provides excellent opportunities for advanced technical learning and career progression.  Xoriant was voted in the Top 50 Best Information Technology Companies to work for in India €“ 2016 by the Great Place to Work Institute and is proud to be known as one of the few CMMI level companies who focus on emerging technologies.Read our Bloghttp://www.xoriant.com/blog"
Senior Software Engineer - Angular Developer,Born Commerce4.0(85 Reviews),"₹ 20,00,000 - 25,00,000 P.A. ",7 - 12 years,"Hyderabad/Secunderabad,Pune,Chennai,Delhi / NCR,Bangalore/Bengaluru,Mumbai (All Areas)","Back End Developer,","Java,Spring Boot,Angular,Microservices,SQL,frontend development,front end,Github,CI/CD,bootstrap",['UG :Any Graduate'],"IT Services & Consulting,","Engineering - Software & QA,","Full Time, Permanent",Software Development,Websitehttps://www.borngroup.com/,NA, 8 days ago,https://www.naukri.com/born-commerce-jobs-careers-756865?src=jddesktop,https://www.naukri.com/born-commerce-jobs-careers-756865?src=jddesktop,"Job description Job DescriptionGreetings from Born Group - A Tech Mahindra Company!!!BORN is Hiring for ""Angular Developer"" for PAN India Location for a Multinational ClientYears of Experience - 7+ yearsNotice Period - 15 - 25 Days (Serving Notice Only)Location - PAN IndiaKey Skills -Angular 10 & HigherHTML, CSSJavaSpringBootMicroservicesSQLJob Responsibilities:5 - 8 years experienceFrontend development using AngularCore web fundamentals: HTML5, Typescript, CSS, Bootstrap Good knowledge in CI/CD development and support (GitHub Actions preferred) Experience in working with distributed teams situated globally in different geographiesFlexible and adaptive, team playerKnowledge in Docker/Kubernetes (nice to have)Strong communicator and quick learnerPlatform-level DevOps experience preferredExcellent analytical communication and interpersonal skillsAbility to work well under pressure, prioritize work and well organizedAbility to take ownership on the deliverablesLet me know the below details to process your candidature:Tot Exp:Relevant Experience:Primary & Secondary Skills:Current CTC:Expected CTC:Current Location:Preferred Location:Notice Period:Offer in hand:RoleBack End Developer,Industry TypeIT Services & Consulting,Functional AreaEngineering - Software & QA,Employment TypeFull Time, PermanentRole CategorySoftware DevelopmentEducationUG :Any GraduateKey SkillsJavaSpring BootAngularMicroservicesSQLfrontend developmentfront endGithubCI/CDbootstrapSkills highlighted with ‘‘ are preferred keyskills"," Connecting creative, content and commerce, BORN Group is an award winning, global agency that helps brands with digital transformation. BORN, a Tech Mahindra company, produces unique brand experiences by connecting ten specialisms that serve as the foundation of the digital economy: creative design, content production, commerce enablement, conversions (visitors to customers), cloud technology, cognition (analytics), cohesion (integrating all the systems), consulting and completeness (connecting brand experiences) across all channels. Passionate about the work they do, BORN has built a reputation on the high quality of their thinking, planning, delivery and client satisfaction. With offices in New York, Chicago, New Jersey, Toronto, London, Tokyo, Bangalore, Pune and Chennai, its global clients, past and present, include: HanesBrands, Safety-Kleen, Merle Norman, Mondelez, DKNY, RedBull, TAG Heuer, Nestle, Yamaha, Makino, Lorna Jane, Razer, Unilever, Ferragamo, Alex & Ani, Jay Strongwater, DVF, Sothebys, Textron, Maxim Semiconductor, Lennos, Big Bus Tours, Skullcandy, M&S, Salvatore Ferragamo, Fossil Group, and LVMH amongst others."
